SSN,F_Name,M_Initial,L_Name,Sex,Enrollment_Date,Building_Number,Street,Apt_Number,City,State,Zip,UserID
165090933,Jack,A,Garcia,F,11/24/2021,5565,Nebula St,903,Richardson,TX,75012,1
153530670,Alice,G,Garcia,F,5/3/2023,3678,Comet Ln,181,Richardson,TX,75094,2
789313016,Henry,J,Smith,M,2/5/2024,8158,Orbit Dr,248,Richardson,TX,75011,3
978250576,Ivy,C,Jones,F,11/13/2020,5429,Astro Way,501,Richardson,TX,75025,4
354894823,Bob,G,Smith,F,2/3/2019,1500,Orbit Dr,112,Richardson,TX,75079,5
675345800,Bob,C,Martinez,M,1/15/2021,9720,Comet Ln,261,Richardson,TX,75021,6
837349019,David,D,Garcia,M,4/6/2019,1251,Astro Way,54,Richardson,TX,75018,7
724134517,Alice,A,Jones,F,8/21/2024,815,Nebula St,269,Richardson,TX,75053,8
905807520,Grace,C,Martinez,F,1/12/2024,5046,Nebula St,938,Richardson,TX,75072,9
200311227,Eva,I,Martinez,M,2/12/2024,4073,Comet Ln,431,Richardson,TX,75087,10
239723563,Carol,F,Brown,M,8/23/2021,4795,Comet Ln,150,Richardson,TX,75047,11
914408084,Bob,I,Davis,F,10/18/2022,2107,Orbit Dr,406,Richardson,TX,75090,12
100000002,Carol,H,Martinez,F,2/20/2023,9578,Orbit Dr,298,Richardson,TX,75035,13
607222274,Henry,J,Williams,M,7/15/2021,1874,Orbit Dr,257,Richardson,TX,75046,14
251880287,Grace,B,Davis,F,1/18/2021,4370,Galaxy Blvd,401,Richardson,TX,75034,15
100000003,Bob,E,Smith,F,8/22/2020,155,Astro Way,764,Richardson,TX,75031,16
100000004,Eva,F,Martinez,F,4/24/2024,5025,Comet Ln,478,Richardson,TX,75012,17
143525711,Grace,G,Martinez,M,4/12/2022,7273,Nebula St,580,Richardson,TX,75053,18
940867683,Grace,E,Davis,F,1/16/2022,5677,Orbit Dr,212,Richardson,TX,75055,19
498274608,Eva,E,Brown,M,5/25/2024,5511,Orbit Dr,931,Richardson,TX,75068,20
690651636,Alice,C,Brown,F,4/23/2022,3889,Nebula St,552,Richardson,TX,75049,21
460841569,Eva,G,Williams,F,4/9/2021,7421,Astro Way,930,Richardson,TX,75059,22
968964215,Grace,D,Martinez,M,9/17/2021,8089,Comet Ln,678,Richardson,TX,75068,23
318653319,Ivy,A,Jones,F,7/18/2021,935,Nebula St,378,Richardson,TX,75037,24
100000005,Alice,C,Jones,M,9/23/2020,7413,Nebula St,189,Richardson,TX,75051,25
976061078,Frank,D,Davis,F,7/14/2022,8471,Comet Ln,482,Richardson,TX,75057,26
459155804,Eva,H,Martinez,F,5/6/2019,4310,Nebula St,696,Richardson,TX,75045,27
673535978,Jack,I,Garcia,F,3/22/2024,2619,Comet Ln,677,Richardson,TX,75045,28
985075643,Alice,G,Martinez,M,1/25/2021,3106,Comet Ln,535,Richardson,TX,75065,29
713964741,Frank,I,Davis,F,10/19/2021,3606,Orbit Dr,543,Richardson,TX,75092,30
816946341,Ivy,B,Martinez,F,5/2/2019,2564,Galaxy Blvd,102,Richardson,TX,75030,31
693959601,Ivy,D,Martinez,F,3/21/2024,9718,Nebula St,216,Richardson,TX,75062,32
422039599,Grace,D,Smith,F,6/16/2022,921,Galaxy Blvd,585,Richardson,TX,75078,33
863425755,Frank,D,Jones,M,7/10/2023,7394,Orbit Dr,795,Richardson,TX,75097,34
837765707,Jack,J,Martinez,F,2/13/2023,5783,Galaxy Blvd,460,Richardson,TX,75041,35
489953771,David,G,Jones,F,9/15/2024,2804,Astro Way,245,Richardson,TX,75022,36
306164905,Ivy,J,Martinez,F,7/11/2024,9972,Comet Ln,815,Richardson,TX,75026,37
463885038,Alice,B,Jones,F,3/27/2024,7951,Orbit Dr,266,Richardson,TX,75017,38
639158373,Jack,H,Garcia,M,3/15/2020,6299,Astro Way,328,Richardson,TX,75016,39
185437537,David,E,Martinez,F,10/17/2021,3644,Galaxy Blvd,300,Richardson,TX,75048,40
508700448,Carol,D,Lee,F,4/17/2019,6695,Nebula St,770,Richardson,TX,75063,41
315727734,Ivy,C,Smith,M,6/24/2021,6812,Nebula St,860,Richardson,TX,75013,42
455628746,Bob,J,Martinez,M,2/5/2023,7829,Orbit Dr,419,Richardson,TX,75048,43
156438046,Grace,D,Smith,M,2/16/2024,8412,Astro Way,952,Richardson,TX,75049,44
665084529,Alice,C,Garcia,F,10/22/2022,3485,Orbit Dr,964,Richardson,TX,75023,45
316405161,Frank,A,Brown,M,12/20/2024,4773,Orbit Dr,249,Richardson,TX,75027,46
743234410,Jack,C,Williams,M,4/26/2023,2967,Astro Way,629,Richardson,TX,75080,47
499812945,Carol,H,Williams,F,10/21/2023,4506,Comet Ln,980,Richardson,TX,75012,48
713710184,David,I,Davis,M,1/17/2022,2602,Astro Way,895,Richardson,TX,75025,49
354735680,Ivy,I,Davis,M,3/11/2023,8619,Orbit Dr,637,Richardson,TX,75058,50
406730036,Bob,H,Brown,M,12/2/2021,2052,Astro Way,252,Richardson,TX,75018,51
350825420,Bob,B,Lee,M,8/9/2023,8862,Nebula St,198,Richardson,TX,75051,52
971003255,Jack,J,Brown,F,12/22/2021,7108,Galaxy Blvd,108,Richardson,TX,75038,53
422926638,Frank,I,Lee,F,9/15/2021,9269,Astro Way,473,Richardson,TX,75067,54
438701890,Bob,I,Jones,F,6/23/2021,1943,Comet Ln,855,Richardson,TX,75060,55
848500860,Henry,F,Jones,F,1/6/2024,6380,Orbit Dr,663,Richardson,TX,75020,56
100000006,Frank,I,Martinez,M,1/9/2024,333,Astro Way,101,Richardson,TX,75081,57
431903294,Alice,J,Martinez,F,5/1/2021,5268,Nebula St,297,Richardson,TX,75028,58
469430660,Frank,B,Jones,F,3/12/2023,810,Nebula St,583,Richardson,TX,75027,59
617819228,Ivy,A,Garcia,M,7/25/2023,7180,Comet Ln,83,Richardson,TX,75081,60
140504709,Ivy,B,Smith,F,3/16/2022,5682,Orbit Dr,477,Richardson,TX,75031,61
746423780,Henry,I,Smith,M,12/8/2019,839,Astro Way,772,Richardson,TX,75048,62
351166872,Carol,J,Davis,F,3/20/2022,8483,Orbit Dr,252,Richardson,TX,75038,63
789244692,Bob,G,Martinez,F,4/9/2023,8957,Astro Way,151,Richardson,TX,75015,64
493184669,Grace,H,Davis,M,2/23/2021,8802,Galaxy Blvd,515,Richardson,TX,75066,65
632058071,Alice,E,Martinez,M,3/21/2024,7199,Astro Way,443,Richardson,TX,75049,66
518135220,Jack,E,Lee,F,3/1/2021,155,Orbit Dr,692,Richardson,TX,75086,67
382309263,Ivy,D,Martinez,F,9/25/2019,4180,Nebula St,888,Richardson,TX,75051,68
446449911,Eva,J,Martinez,F,10/2/2021,7170,Astro Way,161,Richardson,TX,75064,69
371770700,Ivy,G,Williams,M,9/16/2024,782,Astro Way,362,Richardson,TX,75069,70
562898293,Alice,G,Williams,M,1/20/2019,2590,Astro Way,285,Richardson,TX,75056,71
726172298,Alice,C,Davis,M,6/21/2022,526,Comet Ln,317,Richardson,TX,75083,72
287986033,Grace,J,Jones,F,11/6/2020,204,Astro Way,418,Richardson,TX,75042,73
100000007,David,D,Davis,M,12/10/2020,5308,Galaxy Blvd,972,Richardson,TX,75025,74
290277089,Henry,G,Jones,M,7/24/2024,1207,Astro Way,924,Richardson,TX,75033,75
352674156,Eva,H,Martinez,M,8/24/2019,8137,Astro Way,30,Richardson,TX,75062,76
770545107,Bob,D,Smith,M,3/11/2023,3809,Galaxy Blvd,124,Richardson,TX,75010,77
634276401,Ivy,C,Martinez,M,6/1/2024,8207,Nebula St,116,Richardson,TX,75012,78
129280263,Bob,B,Davis,F,3/1/2020,3056,Astro Way,451,Richardson,TX,75088,79
351694746,Alice,G,Davis,F,3/27/2023,7818,Astro Way,644,Richardson,TX,75016,80
293186456,Bob,E,Lee,M,6/28/2022,1474,Astro Way,280,Richardson,TX,75089,81
469182121,Henry,C,Garcia,M,8/8/2021,8793,Nebula St,927,Richardson,TX,75082,82
423003161,Henry,D,Martinez,F,4/4/2019,3174,Astro Way,860,Richardson,TX,75048,83
728533392,Bob,G,Martinez,M,8/2/2021,5481,Orbit Dr,275,Richardson,TX,75065,84
159057629,Ivy,G,Williams,M,5/22/2024,903,Galaxy Blvd,210,Richardson,TX,75090,85
642064066,Bob,I,Jones,F,1/15/2022,1854,Comet Ln,499,Richardson,TX,75023,86
491523061,David,I,Jones,M,3/4/2022,8490,Astro Way,749,Richardson,TX,75070,87
139620818,Ivy,F,Davis,F,8/20/2023,8651,Nebula St,979,Richardson,TX,75046,88
854602537,Carol,E,Lee,M,4/16/2023,242,Orbit Dr,89,Richardson,TX,75099,89
941338455,David,A,Lee,F,5/11/2023,8084,Nebula St,802,Richardson,TX,75095,90
509736956,David,C,Garcia,F,3/11/2024,8535,Orbit Dr,541,Richardson,TX,75010,91
394365269,Frank,E,Garcia,F,7/1/2023,2357,Nebula St,582,Richardson,TX,75096,92
863327710,Jack,E,Garcia,M,2/24/2023,7128,Comet Ln,164,Richardson,TX,75064,93
560458287,Bob,G,Garcia,F,8/15/2022,8248,Comet Ln,670,Richardson,TX,75046,94
695317014,Henry,A,Smith,M,6/2/2022,2892,Orbit Dr,728,Richardson,TX,75078,95
706572534,Ivy,B,Jones,F,9/14/2023,1084,Galaxy Blvd,332,Richardson,TX,75011,96
789059957,Henry,A,Lee,M,11/10/2022,5662,Nebula St,887,Richardson,TX,75061,97
555638528,Alice,F,Jones,M,12/3/2022,2110,Comet Ln,956,Richardson,TX,75098,98
100000008,Henry,D,Martinez,M,9/4/2021,3839,Nebula St,399,Richardson,TX,75034,99
846285935,Frank,D,Brown,F,10/10/2022,1699,Nebula St,1,Richardson,TX,75016,100
756676077,Carol,J,Brown,M,7/15/2021,1822,Nebula St,493,Richardson,TX,75086,101
202448052,Grace,B,Jones,F,9/5/2023,5195,Comet Ln,741,Richardson,TX,75037,102
427441052,Ivy,C,Davis,F,7/3/2024,5669,Orbit Dr,527,Richardson,TX,75098,103
878784565,Henry,F,Martinez,F,11/8/2021,5636,Comet Ln,96,Richardson,TX,75084,104
948088395,Grace,B,Jones,M,2/27/2022,5182,Galaxy Blvd,819,Richardson,TX,75057,105
632698840,Grace,G,Williams,M,7/18/2023,5786,Galaxy Blvd,551,Richardson,TX,75031,106
557935007,Bob,E,Williams,M,11/4/2022,9192,Orbit Dr,342,Richardson,TX,75084,107
618045282,Frank,I,Jones,M,12/11/2019,7264,Comet Ln,87,Richardson,TX,75094,108
418256535,Jack,C,Smith,M,2/16/2022,8462,Astro Way,28,Richardson,TX,75029,109
490512206,Jack,J,Davis,F,9/10/2022,2756,Nebula St,116,Richardson,TX,75084,110
100000009,Alice,J,Brown,M,2/19/2024,5690,Astro Way,214,Richardson,TX,75069,111
796710786,Eva,I,Garcia,M,2/6/2022,9650,Astro Way,161,Richardson,TX,75035,112
669393590,Bob,A,Brown,F,5/11/2022,1475,Comet Ln,956,Richardson,TX,75086,113
450195244,Carol,B,Martinez,F,5/16/2022,8622,Comet Ln,849,Richardson,TX,75077,114
979966424,Jack,H,Smith,M,12/14/2021,3532,Nebula St,276,Richardson,TX,75063,115
655500756,Ivy,A,Brown,M,11/18/2022,7038,Nebula St,130,Richardson,TX,75085,116
122766420,Grace,C,Lee,M,2/17/2020,8230,Galaxy Blvd,62,Richardson,TX,75024,117
100000010,Carol,A,Smith,F,12/17/2022,2650,Nebula St,615,Richardson,TX,75080,118
379308077,Carol,H,Jones,M,5/16/2020,4472,Nebula St,297,Richardson,TX,75031,119
841368422,Ivy,H,Jones,M,3/15/2021,8749,Galaxy Blvd,267,Richardson,TX,75038,120
480134868,Bob,I,Brown,M,1/17/2024,6068,Galaxy Blvd,106,Richardson,TX,75040,121
619319418,Frank,I,Smith,F,7/13/2022,3372,Nebula St,766,Richardson,TX,75030,122
166137407,Henry,G,Brown,F,11/5/2019,9860,Nebula St,127,Richardson,TX,75070,123
660809440,Henry,B,Jones,M,1/11/2023,3096,Nebula St,712,Richardson,TX,75085,124
140357503,David,I,Garcia,F,1/21/2020,8742,Galaxy Blvd,193,Richardson,TX,75089,125
913261728,Ivy,A,Smith,F,3/18/2019,3131,Astro Way,620,Richardson,TX,75025,126
699678615,Ivy,D,Jones,M,10/16/2024,1778,Nebula St,773,Richardson,TX,75089,127
619554042,Jack,D,Jones,M,9/8/2022,8285,Nebula St,169,Richardson,TX,75049,128
622507523,Carol,H,Martinez,F,9/3/2019,5461,Astro Way,866,Richardson,TX,75010,129
509690476,David,G,Jones,F,9/24/2021,8545,Nebula St,854,Richardson,TX,75019,130
100000011,Jack,H,Williams,M,6/13/2022,4445,Comet Ln,736,Richardson,TX,75093,131
382344942,Jack,J,Martinez,M,11/8/2022,6852,Comet Ln,695,Richardson,TX,75076,132
525268183,Jack,F,Davis,M,2/24/2024,2735,Orbit Dr,89,Richardson,TX,75067,133
912615981,Carol,B,Lee,M,8/23/2021,1732,Comet Ln,831,Richardson,TX,75012,134
174631601,Henry,I,Garcia,M,2/16/2023,1477,Galaxy Blvd,744,Richardson,TX,75056,135
452026043,Jack,C,Brown,F,1/20/2024,7306,Astro Way,105,Richardson,TX,75039,136
306132758,Alice,G,Brown,M,10/7/2023,414,Orbit Dr,302,Richardson,TX,75049,137
450010674,Frank,G,Martinez,M,1/10/2021,346,Comet Ln,838,Richardson,TX,75097,138
347842732,Alice,G,Davis,F,8/18/2020,8153,Astro Way,180,Richardson,TX,75065,139
951367056,Alice,B,Williams,M,2/10/2021,6753,Galaxy Blvd,424,Richardson,TX,75093,140
597574672,David,A,Martinez,M,1/16/2022,7338,Galaxy Blvd,565,Richardson,TX,75017,141
278385512,Henry,D,Williams,M,11/27/2022,8464,Orbit Dr,632,Richardson,TX,75080,142
868356701,Ivy,E,Smith,M,4/5/2019,1936,Nebula St,605,Richardson,TX,75019,143
175673079,Jack,H,Jones,F,12/12/2022,179,Galaxy Blvd,842,Richardson,TX,75090,144
684634282,Frank,I,Brown,F,3/14/2023,8201,Nebula St,467,Richardson,TX,75085,145
249080948,Alice,A,Garcia,M,3/27/2023,8874,Nebula St,193,Richardson,TX,75048,146
589805086,Henry,H,Davis,M,10/28/2019,6533,Galaxy Blvd,926,Richardson,TX,75079,147
692505615,Eva,I,Martinez,F,11/17/2020,173,Comet Ln,810,Richardson,TX,75044,148
507461788,Alice,I,Martinez,M,5/2/2022,7735,Nebula St,602,Richardson,TX,75021,149
268473315,Grace,J,Martinez,M,1/1/2020,5443,Nebula St,518,Richardson,TX,75044,150
149973719,Ivy,E,Martinez,F,1/2/2023,2963,Orbit Dr,808,Richardson,TX,75070,151
569317071,Frank,E,Smith,F,5/15/2024,6296,Astro Way,86,Richardson,TX,75049,152
977618865,Jack,E,Martinez,F,10/28/2021,1576,Galaxy Blvd,46,Richardson,TX,75082,153
457703052,Alice,H,Jones,F,11/10/2021,8455,Astro Way,728,Richardson,TX,75012,154
521254384,Grace,G,Davis,M,11/11/2021,8572,Comet Ln,412,Richardson,TX,75032,155
411620820,Henry,E,Lee,M,1/9/2024,7829,Comet Ln,736,Richardson,TX,75027,156
172615399,Henry,G,Davis,F,8/2/2024,9121,Nebula St,658,Richardson,TX,75082,157
951402384,Jack,F,Martinez,M,7/1/2023,9159,Orbit Dr,755,Richardson,TX,75065,158
586537724,Grace,H,Jones,M,11/22/2023,3458,Galaxy Blvd,437,Richardson,TX,75096,159
361400779,David,G,Martinez,F,3/14/2023,9123,Astro Way,108,Richardson,TX,75076,160
493112501,Bob,I,Martinez,M,8/11/2019,3095,Astro Way,245,Richardson,TX,75022,161
806708098,Carol,D,Lee,F,11/15/2020,5277,Comet Ln,495,Richardson,TX,75068,162
390538610,Grace,I,Garcia,F,10/12/2021,907,Nebula St,824,Richardson,TX,75010,163
172759481,Henry,I,Brown,M,7/13/2022,4870,Astro Way,777,Richardson,TX,75097,164
506902216,Bob,C,Davis,F,10/4/2024,2189,Galaxy Blvd,140,Richardson,TX,75033,165
834112233,Bob,E,Brown,F,6/21/2023,2519,Orbit Dr,660,Richardson,TX,75088,166
980343898,Eva,E,Davis,M,7/28/2020,7933,Orbit Dr,116,Richardson,TX,75089,167
354896138,Henry,D,Martinez,F,2/17/2024,8069,Orbit Dr,825,Richardson,TX,75046,168
421550895,Alice,I,Lee,M,5/5/2021,5017,Galaxy Blvd,559,Richardson,TX,75084,169
857149319,Grace,E,Williams,F,7/4/2023,453,Comet Ln,33,Richardson,TX,75083,170
213046640,Jack,H,Martinez,M,7/16/2023,2063,Astro Way,813,Richardson,TX,75063,171
100000012,Ivy,E,Martinez,F,2/28/2020,2618,Comet Ln,928,Richardson,TX,75044,172
910024652,Bob,F,Brown,F,9/26/2020,2180,Nebula St,822,Richardson,TX,75071,173
751972468,Carol,G,Williams,M,2/2/2022,2869,Galaxy Blvd,557,Richardson,TX,75041,174
627517641,Ivy,A,Martinez,F,9/23/2020,6633,Galaxy Blvd,657,Richardson,TX,75072,175
100000013,David,B,Jones,M,10/3/2024,1216,Nebula St,884,Richardson,TX,75014,176
872400342,Jack,D,Jones,M,5/3/2023,7469,Comet Ln,680,Richardson,TX,75045,177
348996489,Eva,F,Smith,F,3/27/2021,7405,Orbit Dr,837,Richardson,TX,75042,178
816334009,Frank,B,Brown,M,5/24/2020,3922,Orbit Dr,118,Richardson,TX,75010,179
487452265,Alice,D,Garcia,F,2/24/2023,7649,Galaxy Blvd,309,Richardson,TX,75065,180
775632900,Henry,D,Martinez,M,4/23/2022,5607,Orbit Dr,781,Richardson,TX,75020,181
823810119,Henry,J,Martinez,F,12/23/2021,8443,Orbit Dr,147,Richardson,TX,75025,182
100000014,Grace,F,Brown,M,8/22/2024,6493,Galaxy Blvd,15,Richardson,TX,75085,183
992315967,Ivy,J,Martinez,F,7/14/2021,4574,Orbit Dr,344,Richardson,TX,75050,184
569709267,Alice,G,Brown,F,7/2/2022,2492,Comet Ln,277,Richardson,TX,75055,185
786041237,Alice,B,Martinez,F,1/28/2023,1267,Orbit Dr,191,Richardson,TX,75054,186
123155514,Eva,D,Williams,M,6/9/2024,2941,Astro Way,614,Richardson,TX,75064,187
246310500,Grace,C,Brown,F,6/4/2022,5289,Galaxy Blvd,144,Richardson,TX,75066,188
100000015,Grace,B,Garcia,M,12/20/2019,5431,Orbit Dr,618,Richardson,TX,75055,189
895629150,Frank,A,Jones,M,5/22/2022,4060,Comet Ln,817,Richardson,TX,75026,190
586864135,Bob,B,Lee,F,5/22/2023,6394,Orbit Dr,742,Richardson,TX,75049,191
597091595,Grace,B,Brown,F,4/15/2021,6230,Nebula St,29,Richardson,TX,75011,192
785725811,Ivy,I,Martinez,M,9/13/2023,5745,Nebula St,713,Richardson,TX,75063,193
293010195,Ivy,J,Davis,F,8/10/2023,7648,Nebula St,999,Richardson,TX,75053,194
691369051,Jack,E,Jones,M,7/8/2020,78,Orbit Dr,255,Richardson,TX,75023,195
704371183,Ivy,A,Lee,M,12/19/2021,3752,Comet Ln,829,Richardson,TX,75066,196
290953684,Ivy,B,Garcia,M,9/21/2023,2077,Orbit Dr,288,Richardson,TX,75062,197
767348248,Eva,I,Smith,F,12/7/2023,1329,Galaxy Blvd,33,Richardson,TX,75043,198
372745862,Grace,F,Lee,M,5/11/2023,9142,Nebula St,807,Richardson,TX,75060,199
100000016,David,D,Martinez,M,4/12/2023,8046,Galaxy Blvd,439,Richardson,TX,75057,200
563951297,Grace,G,Jones,F,9/23/2022,1910,Orbit Dr,641,Richardson,TX,75065,201
100000017,Frank,C,Jones,F,3/13/2022,9515,Galaxy Blvd,244,Richardson,TX,75053,202
285603712,Ivy,D,Jones,F,1/3/2023,696,Comet Ln,996,Richardson,TX,75047,203
930901196,Ivy,B,Garcia,M,10/24/2024,967,Nebula St,201,Richardson,TX,75033,204
621493035,Eva,J,Williams,M,10/6/2019,6373,Astro Way,227,Richardson,TX,75086,205
627362409,Eva,D,Davis,F,3/16/2022,5929,Astro Way,666,Richardson,TX,75028,206
109730698,Eva,I,Davis,M,2/8/2020,4380,Comet Ln,840,Richardson,TX,75057,207
274293039,Frank,J,Martinez,M,1/26/2021,3931,Nebula St,102,Richardson,TX,75099,208
950296005,Frank,F,Martinez,F,1/8/2023,8650,Astro Way,237,Richardson,TX,75068,209
872890293,Grace,D,Smith,F,4/16/2023,4192,Nebula St,291,Richardson,TX,75080,210
222772332,Frank,J,Williams,M,12/9/2024,2075,Comet Ln,60,Richardson,TX,75056,211
350916127,Alice,D,Brown,M,9/4/2022,9550,Galaxy Blvd,409,Richardson,TX,75042,212
917119093,Carol,H,Jones,F,6/2/2023,7137,Comet Ln,308,Richardson,TX,75060,213
100000018,Bob,E,Lee,F,10/22/2023,7653,Galaxy Blvd,652,Richardson,TX,75080,214
100000019,Frank,A,Martinez,M,5/25/2021,2923,Galaxy Blvd,526,Richardson,TX,75094,215
365328759,Bob,G,Williams,M,5/21/2023,4914,Astro Way,472,Richardson,TX,75073,216
571320781,Grace,E,Smith,F,10/6/2019,6832,Nebula St,71,Richardson,TX,75077,217
878113706,Frank,B,Garcia,M,11/12/2019,7919,Nebula St,553,Richardson,TX,75021,218
183408154,Henry,A,Garcia,F,11/21/2019,4156,Astro Way,718,Richardson,TX,75058,219
100000020,David,D,Garcia,F,9/24/2023,1446,Astro Way,408,Richardson,TX,75035,220
727209592,Frank,I,Smith,F,11/7/2022,6997,Orbit Dr,572,Richardson,TX,75059,221
313716645,David,E,Brown,M,3/21/2023,2978,Orbit Dr,473,Richardson,TX,75091,222
100000021,Henry,A,Jones,M,5/22/2020,8470,Orbit Dr,384,Richardson,TX,75049,223
894584013,Alice,F,Smith,M,9/1/2022,9763,Nebula St,193,Richardson,TX,75079,224
100000022,Jack,D,Martinez,M,12/23/2024,9341,Orbit Dr,170,Richardson,TX,75021,225
515366444,Eva,G,Williams,F,5/20/2020,5827,Astro Way,840,Richardson,TX,75024,226
100000023,Bob,H,Lee,M,5/23/2022,9070,Nebula St,263,Richardson,TX,75075,227
329661340,Alice,I,Davis,M,7/18/2019,1513,Astro Way,363,Richardson,TX,75035,228
870542815,Bob,I,Martinez,M,10/18/2024,7337,Galaxy Blvd,336,Richardson,TX,75055,229
508175756,Ivy,F,Garcia,F,5/26/2023,4659,Comet Ln,139,Richardson,TX,75019,230
809227630,Grace,I,Martinez,M,4/5/2024,5880,Astro Way,797,Richardson,TX,75052,231
675981741,Alice,C,Lee,M,12/23/2024,629,Astro Way,256,Richardson,TX,75011,232
254162963,Henry,H,Brown,F,8/11/2021,3248,Nebula St,126,Richardson,TX,75096,233
696379272,Carol,B,Jones,M,3/8/2024,7525,Orbit Dr,983,Richardson,TX,75044,234
461444858,Jack,B,Jones,F,6/11/2022,2325,Comet Ln,877,Richardson,TX,75024,235
981066616,David,I,Brown,M,3/17/2020,6040,Comet Ln,836,Richardson,TX,75046,236
848463319,Alice,H,Martinez,F,6/23/2023,9300,Astro Way,525,Richardson,TX,75051,237
200326629,Frank,D,Martinez,M,3/16/2023,5226,Astro Way,540,Richardson,TX,75070,238
705919886,Jack,G,Williams,M,5/16/2021,6964,Galaxy Blvd,516,Richardson,TX,75027,239
878803525,Grace,C,Martinez,M,7/19/2022,3561,Astro Way,213,Richardson,TX,75049,240
501266473,Eva,F,Martinez,F,1/19/2024,3215,Astro Way,749,Richardson,TX,75059,241
842727338,Alice,D,Lee,M,5/15/2022,393,Astro Way,310,Richardson,TX,75057,242
860738998,Carol,F,Davis,M,2/26/2019,3244,Astro Way,357,Richardson,TX,75034,243
100000024,Bob,G,Martinez,M,10/15/2021,3357,Galaxy Blvd,343,Richardson,TX,75098,244
912730850,Bob,F,Martinez,M,12/23/2024,4485,Orbit Dr,126,Richardson,TX,75014,245
405644051,David,A,Brown,F,12/3/2024,4187,Galaxy Blvd,991,Richardson,TX,75037,246
378100947,Grace,E,Smith,M,2/2/2021,5713,Comet Ln,751,Richardson,TX,75015,247
821230172,Frank,E,Davis,F,10/28/2022,1074,Galaxy Blvd,347,Richardson,TX,75040,248
224675218,Carol,D,Martinez,M,6/2/2023,1439,Orbit Dr,180,Richardson,TX,75028,249
100000025,Alice,J,Garcia,F,4/10/2023,5618,Orbit Dr,796,Richardson,TX,75044,250
156526146,Grace,J,Jones,M,7/13/2023,6660,Nebula St,17,Richardson,TX,75099,251
627311685,Eva,J,Martinez,F,5/15/2019,7676,Comet Ln,547,Richardson,TX,75097,252
936650072,Eva,F,Smith,F,1/13/2022,7150,Orbit Dr,555,Richardson,TX,75070,253
208221954,Alice,G,Garcia,M,10/3/2021,8944,Galaxy Blvd,514,Richardson,TX,75073,254
479632461,Grace,G,Garcia,F,6/26/2021,5411,Astro Way,931,Richardson,TX,75035,255
496644618,Grace,B,Davis,F,1/10/2021,2435,Galaxy Blvd,859,Richardson,TX,75050,256
811705918,David,C,Jones,M,5/25/2024,9210,Orbit Dr,976,Richardson,TX,75035,257
596877282,Bob,B,Jones,M,8/7/2024,1254,Nebula St,347,Richardson,TX,75015,258
224163916,David,G,Williams,M,9/17/2020,2341,Orbit Dr,184,Richardson,TX,75038,259
584937760,Carol,H,Lee,F,6/26/2022,3914,Nebula St,907,Richardson,TX,75075,260
599489305,Alice,D,Smith,F,2/10/2021,4017,Astro Way,639,Richardson,TX,75040,261
853677263,Eva,G,Lee,F,2/21/2024,7314,Orbit Dr,407,Richardson,TX,75052,262
992677232,Alice,D,Smith,M,5/25/2022,2155,Galaxy Blvd,203,Richardson,TX,75076,263
679411264,David,H,Martinez,M,6/5/2020,6500,Nebula St,594,Richardson,TX,75061,264
628758312,Jack,F,Lee,F,9/19/2024,624,Orbit Dr,639,Richardson,TX,75076,265
387675834,Grace,A,Brown,F,6/5/2023,6311,Astro Way,282,Richardson,TX,75042,266
857184401,Frank,I,Lee,M,4/15/2020,87,Astro Way,892,Richardson,TX,75056,267
558020914,Eva,F,Martinez,F,12/28/2024,6056,Astro Way,799,Richardson,TX,75017,268
695769552,Frank,H,Davis,F,8/19/2024,2294,Orbit Dr,163,Richardson,TX,75052,269
543468696,Ivy,D,Jones,F,7/27/2022,8424,Astro Way,200,Richardson,TX,75047,270
939171260,Frank,B,Williams,F,12/10/2020,7484,Galaxy Blvd,326,Richardson,TX,75070,271
344954523,Eva,C,Brown,M,9/5/2023,7984,Comet Ln,421,Richardson,TX,75093,272
201684871,Jack,E,Martinez,F,2/26/2023,9072,Comet Ln,239,Richardson,TX,75098,273
968684148,Ivy,B,Jones,M,8/18/2023,1335,Astro Way,27,Richardson,TX,75011,274
552839373,Henry,E,Lee,M,4/15/2024,6226,Astro Way,636,Richardson,TX,75094,275
651384401,Alice,H,Garcia,F,12/1/2020,3978,Astro Way,969,Richardson,TX,75087,276
659413809,Henry,F,Brown,F,9/17/2019,647,Orbit Dr,732,Richardson,TX,75023,277
400536409,Eva,I,Smith,F,3/12/2023,4426,Galaxy Blvd,953,Richardson,TX,75043,278
846802993,Carol,F,Jones,M,3/24/2024,699,Comet Ln,283,Richardson,TX,75037,279
100000026,Frank,H,Jones,F,10/15/2024,9048,Orbit Dr,336,Richardson,TX,75019,280
627815400,Jack,J,Davis,M,3/3/2023,4915,Astro Way,423,Richardson,TX,75096,281
660296604,Alice,A,Garcia,F,12/14/2021,4562,Galaxy Blvd,796,Richardson,TX,75048,282
638029666,Ivy,J,Smith,M,6/6/2024,3042,Nebula St,357,Richardson,TX,75035,283
399265425,Eva,J,Davis,F,2/9/2020,4072,Nebula St,18,Richardson,TX,75026,284
797964938,Carol,F,Lee,M,6/20/2021,5509,Comet Ln,298,Richardson,TX,75035,285
235684437,Eva,J,Brown,M,1/9/2024,7510,Astro Way,975,Richardson,TX,75096,286
421176673,Henry,D,Lee,M,4/5/2023,3485,Nebula St,457,Richardson,TX,75055,287
732191692,Carol,E,Garcia,M,8/27/2020,5578,Galaxy Blvd,707,Richardson,TX,75090,288
541880068,Alice,H,Davis,F,10/10/2024,4720,Galaxy Blvd,309,Richardson,TX,75073,289
385332923,Frank,A,Smith,M,8/21/2021,3192,Galaxy Blvd,814,Richardson,TX,75033,290
860858292,Henry,B,Martinez,F,11/21/2019,3733,Orbit Dr,513,Richardson,TX,75068,291
100000027,Eva,J,Brown,F,4/4/2023,6822,Astro Way,48,Richardson,TX,75034,292
328304786,Ivy,A,Lee,M,4/17/2020,6955,Comet Ln,226,Richardson,TX,75059,293
100000028,Jack,H,Lee,F,3/18/2020,6143,Comet Ln,674,Richardson,TX,75043,294
528602885,David,J,Garcia,M,11/25/2023,7534,Orbit Dr,502,Richardson,TX,75040,295
232463973,Jack,A,Brown,F,11/27/2020,5402,Galaxy Blvd,926,Richardson,TX,75092,296
535585025,Jack,F,Davis,M,5/10/2019,556,Comet Ln,584,Richardson,TX,75038,297
100000029,Jack,D,Williams,F,11/14/2019,5507,Comet Ln,985,Richardson,TX,75041,298
945332547,Henry,J,Smith,M,1/26/2024,8031,Orbit Dr,717,Richardson,TX,75087,299
873784666,David,F,Jones,F,2/9/2021,6686,Orbit Dr,715,Richardson,TX,75089,300
915440837,Frank,F,Jones,M,2/21/2023,7192,Galaxy Blvd,669,Richardson,TX,75077,301
448950483,Eva,H,Williams,M,9/2/2024,5665,Nebula St,221,Richardson,TX,75083,302
576687226,Grace,A,Davis,M,6/28/2019,562,Comet Ln,810,Richardson,TX,75033,303
388211450,Bob,H,Smith,M,11/7/2021,5608,Astro Way,843,Richardson,TX,75042,304
246613425,Henry,F,Lee,M,7/6/2020,3796,Galaxy Blvd,511,Richardson,TX,75029,305
962139099,Frank,I,Smith,M,1/22/2024,9551,Astro Way,183,Richardson,TX,75073,306
799907038,David,I,Garcia,M,4/9/2020,3359,Orbit Dr,993,Richardson,TX,75073,307
579406719,Grace,B,Garcia,F,1/21/2021,1634,Astro Way,869,Richardson,TX,75081,308
415343665,Henry,E,Williams,F,4/9/2024,664,Galaxy Blvd,505,Richardson,TX,75068,309
750176742,Bob,G,Jones,F,11/11/2024,3428,Orbit Dr,275,Richardson,TX,75059,310
100000030,Eva,F,Smith,F,10/9/2020,882,Nebula St,626,Richardson,TX,75094,311
537163809,Grace,J,Martinez,F,12/25/2019,1599,Astro Way,806,Richardson,TX,75051,312
339708300,Carol,I,Martinez,F,2/15/2020,9063,Galaxy Blvd,868,Richardson,TX,75062,313
209345817,Alice,G,Martinez,M,4/2/2021,6601,Astro Way,465,Richardson,TX,75055,314
359196383,Eva,I,Smith,F,9/24/2022,1079,Nebula St,86,Richardson,TX,75036,315
200700144,Ivy,G,Davis,M,7/27/2022,235,Comet Ln,452,Richardson,TX,75083,316
875217551,Jack,C,Smith,M,3/18/2021,595,Nebula St,712,Richardson,TX,75092,317
444199247,Henry,J,Davis,F,1/15/2019,7147,Orbit Dr,376,Richardson,TX,75086,318
978950152,Alice,H,Williams,M,1/15/2022,8515,Orbit Dr,770,Richardson,TX,75051,319
900128846,David,E,Williams,M,9/30/2023,6054,Nebula St,632,Richardson,TX,75011,320
100000031,Henry,G,Martinez,F,1/17/2020,9701,Astro Way,490,Richardson,TX,75049,321
858237987,Alice,H,Martinez,M,11/27/2021,3150,Galaxy Blvd,342,Richardson,TX,75014,322
252681093,David,C,Davis,M,12/12/2021,1479,Galaxy Blvd,574,Richardson,TX,75028,323
969182868,David,G,Jones,F,3/7/2023,3741,Comet Ln,705,Richardson,TX,75098,324
170915019,Ivy,E,Brown,M,6/24/2022,6817,Astro Way,412,Richardson,TX,75027,325
673823620,Bob,H,Davis,M,3/11/2022,813,Galaxy Blvd,284,Richardson,TX,75052,326
465507294,Henry,D,Garcia,F,8/6/2022,7627,Comet Ln,661,Richardson,TX,75028,327
532823545,Bob,G,Martinez,M,5/27/2021,7997,Nebula St,238,Richardson,TX,75078,328
130849538,Grace,B,Williams,M,7/22/2022,1555,Orbit Dr,135,Richardson,TX,75059,329
798092785,Ivy,F,Garcia,F,8/27/2022,1293,Galaxy Blvd,716,Richardson,TX,75071,330
989916266,Ivy,G,Lee,F,4/5/2024,4606,Orbit Dr,108,Richardson,TX,75080,331
100000032,David,F,Jones,F,11/10/2020,9026,Orbit Dr,155,Richardson,TX,75047,332
546664614,Bob,I,Martinez,M,6/7/2020,1688,Nebula St,532,Richardson,TX,75013,333
238352398,Eva,C,Smith,F,12/19/2022,9484,Astro Way,530,Richardson,TX,75075,334
968805149,Eva,A,Martinez,F,1/19/2023,8377,Orbit Dr,975,Richardson,TX,75010,335
245120297,Carol,D,Brown,F,12/27/2020,5403,Astro Way,843,Richardson,TX,75038,336
459870631,Bob,D,Martinez,M,12/26/2020,7950,Nebula St,27,Richardson,TX,75077,337
592694106,Henry,A,Smith,M,11/3/2020,3699,Nebula St,884,Richardson,TX,75024,338
903552170,David,F,Smith,F,1/3/2019,3608,Orbit Dr,321,Richardson,TX,75036,339
377839834,Carol,A,Jones,F,11/21/2020,6382,Orbit Dr,403,Richardson,TX,75043,340
695459820,Bob,J,Garcia,F,1/2/2023,7843,Galaxy Blvd,218,Richardson,TX,75081,341
322731832,Bob,F,Jones,M,5/26/2021,1743,Orbit Dr,336,Richardson,TX,75074,342
824566824,Eva,H,Jones,F,3/25/2020,9153,Nebula St,972,Richardson,TX,75084,343
456341239,David,D,Lee,F,7/5/2021,3487,Astro Way,291,Richardson,TX,75092,344
843456677,Henry,E,Lee,F,4/5/2023,3137,Nebula St,486,Richardson,TX,75097,345
847262215,Alice,C,Martinez,M,11/5/2024,3542,Astro Way,408,Richardson,TX,75085,346
249430699,Grace,D,Williams,F,7/22/2020,8047,Astro Way,538,Richardson,TX,75032,347
213910249,Carol,G,Williams,M,12/28/2022,9759,Galaxy Blvd,504,Richardson,TX,75083,348
484315908,Ivy,H,Martinez,F,7/16/2024,1793,Orbit Dr,287,Richardson,TX,75090,349
533603124,Frank,B,Brown,F,11/3/2022,3801,Galaxy Blvd,266,Richardson,TX,75012,350
704418877,Carol,I,Williams,M,8/13/2020,808,Galaxy Blvd,952,Richardson,TX,75082,351
820299962,Frank,D,Jones,F,5/28/2019,3316,Orbit Dr,192,Richardson,TX,75097,352
383669257,Grace,F,Brown,F,11/28/2020,2566,Astro Way,160,Richardson,TX,75011,353
773852123,Ivy,J,Jones,F,10/12/2020,9033,Orbit Dr,213,Richardson,TX,75036,354
568885552,Eva,B,Smith,M,7/14/2024,1566,Astro Way,803,Richardson,TX,75092,355
139675375,Jack,D,Jones,F,4/27/2020,8670,Orbit Dr,974,Richardson,TX,75011,356
197458669,Alice,I,Jones,M,5/8/2021,1849,Comet Ln,732,Richardson,TX,75067,357
917134528,Frank,G,Jones,F,4/18/2021,5491,Galaxy Blvd,328,Richardson,TX,75014,358
248395736,Eva,D,Martinez,F,11/8/2019,5273,Galaxy Blvd,953,Richardson,TX,75049,359
174332696,Frank,J,Garcia,F,7/6/2024,6757,Astro Way,293,Richardson,TX,75067,360
426920038,Jack,A,Brown,M,4/28/2019,4769,Orbit Dr,865,Richardson,TX,75016,361
959441262,Bob,H,Jones,M,11/24/2022,4142,Galaxy Blvd,471,Richardson,TX,75065,362
655410585,Carol,A,Smith,F,7/26/2020,5622,Comet Ln,831,Richardson,TX,75053,363
828130093,Carol,E,Davis,M,5/22/2022,9157,Comet Ln,790,Richardson,TX,75011,364
315859447,Henry,F,Brown,M,9/28/2022,8393,Astro Way,89,Richardson,TX,75079,365
272348825,Frank,C,Lee,F,12/24/2020,1112,Comet Ln,434,Richardson,TX,75056,366
818021944,Carol,G,Jones,F,10/2/2020,3258,Galaxy Blvd,148,Richardson,TX,75031,367
222025475,Grace,D,Martinez,F,12/3/2023,4530,Orbit Dr,725,Richardson,TX,75090,368
454374104,Bob,H,Davis,M,1/20/2023,3212,Astro Way,903,Richardson,TX,75025,369
538279222,Frank,C,Smith,F,11/27/2023,3861,Comet Ln,203,Richardson,TX,75071,370
331433842,Frank,G,Garcia,M,5/13/2024,3530,Orbit Dr,245,Richardson,TX,75064,371
359578474,Bob,I,Garcia,F,5/4/2021,7106,Galaxy Blvd,442,Richardson,TX,75065,372
513973005,Henry,G,Williams,M,2/14/2024,9707,Nebula St,585,Richardson,TX,75079,373
804055173,Carol,I,Jones,F,12/16/2024,3828,Nebula St,965,Richardson,TX,75078,374
747380244,Eva,J,Smith,M,1/24/2020,4399,Galaxy Blvd,901,Richardson,TX,75043,375
295296741,David,I,Martinez,F,1/10/2019,9583,Galaxy Blvd,611,Richardson,TX,75064,376
774811004,Eva,D,Smith,M,9/4/2023,6760,Orbit Dr,172,Richardson,TX,75062,377
392661016,Jack,A,Martinez,F,12/1/2022,1152,Nebula St,926,Richardson,TX,75014,378
368852692,Ivy,A,Martinez,M,11/27/2022,6024,Orbit Dr,601,Richardson,TX,75036,379
370375018,Henry,D,Martinez,M,12/25/2021,4040,Nebula St,875,Richardson,TX,75078,380
427362965,Eva,C,Martinez,M,9/6/2024,1859,Orbit Dr,904,Richardson,TX,75094,381
523698157,Eva,D,Martinez,F,5/10/2020,7228,Comet Ln,330,Richardson,TX,75040,382
119669553,Carol,B,Davis,F,7/28/2024,936,Comet Ln,405,Richardson,TX,75023,383
657500988,Grace,G,Martinez,M,11/23/2024,5953,Orbit Dr,277,Richardson,TX,75067,384
614231199,Frank,B,Lee,F,1/12/2021,9678,Galaxy Blvd,642,Richardson,TX,75041,385
100000033,Carol,A,Jones,F,10/9/2023,6286,Orbit Dr,260,Richardson,TX,75012,386
629067319,Grace,A,Williams,F,3/1/2021,6266,Orbit Dr,401,Richardson,TX,75037,387
574300329,Ivy,B,Jones,M,4/22/2021,9631,Galaxy Blvd,61,Richardson,TX,75075,388
313349492,Ivy,I,Smith,F,6/5/2021,8139,Comet Ln,337,Richardson,TX,75067,389
869974689,David,G,Brown,F,1/10/2020,5743,Comet Ln,908,Richardson,TX,75059,390
199727143,Grace,B,Davis,F,7/15/2021,8879,Orbit Dr,750,Richardson,TX,75019,391
541893793,Henry,C,Williams,M,12/21/2023,8710,Astro Way,983,Richardson,TX,75039,392
826354697,Jack,J,Williams,F,3/2/2024,8682,Galaxy Blvd,879,Richardson,TX,75029,393
198132165,Ivy,H,Jones,M,1/8/2021,1646,Nebula St,543,Richardson,TX,75058,394
100000034,Alice,H,Martinez,M,6/21/2020,8877,Comet Ln,219,Richardson,TX,75034,395
279162546,Frank,E,Smith,M,5/28/2019,9454,Orbit Dr,410,Richardson,TX,75055,396
372414748,David,B,Lee,M,5/21/2019,6441,Orbit Dr,875,Richardson,TX,75083,397
102283760,Frank,J,Lee,F,12/15/2024,6228,Galaxy Blvd,163,Richardson,TX,75041,398
929736750,Ivy,F,Davis,F,7/27/2023,8714,Galaxy Blvd,562,Richardson,TX,75053,399
101739660,Alice,A,Jones,F,7/27/2020,4955,Nebula St,633,Richardson,TX,75041,400
759603011,Grace,A,Jones,M,7/12/2022,9377,Astro Way,788,Richardson,TX,75013,401
390818213,David,I,Smith,F,5/6/2023,2774,Nebula St,159,Richardson,TX,75022,402
376664011,Grace,J,Brown,F,5/7/2024,2514,Galaxy Blvd,683,Richardson,TX,75093,403
967195265,Bob,F,Jones,F,11/5/2023,7359,Comet Ln,885,Richardson,TX,75063,404
289460316,Ivy,J,Williams,F,10/20/2021,8847,Orbit Dr,80,Richardson,TX,75069,405
187377213,David,F,Martinez,M,9/5/2022,7071,Galaxy Blvd,479,Richardson,TX,75036,406
100000035,Ivy,J,Jones,F,2/9/2021,4974,Orbit Dr,180,Richardson,TX,75048,407
214783445,Carol,B,Brown,M,8/10/2023,8921,Orbit Dr,793,Richardson,TX,75063,408
100000036,Alice,A,Lee,M,11/15/2023,1087,Galaxy Blvd,236,Richardson,TX,75064,409
775699667,Bob,G,Jones,F,12/28/2023,588,Orbit Dr,984,Richardson,TX,75071,410
845761039,Jack,E,Williams,F,10/23/2022,7721,Astro Way,590,Richardson,TX,75082,411
764551079,Alice,J,Martinez,F,3/30/2023,721,Comet Ln,637,Richardson,TX,75031,412
552411116,Alice,C,Smith,M,6/6/2024,6769,Galaxy Blvd,858,Richardson,TX,75034,413
689586330,Alice,A,Smith,F,8/3/2020,9379,Comet Ln,906,Richardson,TX,75047,414
465735607,Ivy,A,Brown,F,8/9/2022,1760,Orbit Dr,991,Richardson,TX,75076,415
387564166,Grace,C,Davis,M,11/7/2022,8554,Orbit Dr,830,Richardson,TX,75021,416
100000037,David,I,Smith,F,5/8/2020,7300,Comet Ln,251,Richardson,TX,75073,417
733700590,Eva,F,Davis,F,5/21/2019,7701,Galaxy Blvd,39,Richardson,TX,75092,418
567424996,Bob,C,Lee,M,8/12/2024,3496,Comet Ln,513,Richardson,TX,75037,419
907934014,Eva,C,Martinez,M,5/23/2021,4435,Comet Ln,585,Richardson,TX,75050,420
100000038,Henry,A,Lee,F,10/6/2022,4867,Comet Ln,348,Richardson,TX,75086,421
457743532,Frank,J,Garcia,F,9/1/2022,3846,Astro Way,506,Richardson,TX,75041,422
927304408,Eva,F,Brown,F,7/25/2024,2613,Nebula St,254,Richardson,TX,75086,423
386707720,Jack,B,Martinez,F,8/4/2022,2158,Galaxy Blvd,919,Richardson,TX,75026,424
918163362,Frank,J,Martinez,F,6/15/2021,5785,Galaxy Blvd,326,Richardson,TX,75096,425
954729948,Alice,E,Garcia,M,6/19/2021,3120,Galaxy Blvd,178,Richardson,TX,75045,426
100000039,Frank,D,Jones,F,9/2/2022,2503,Astro Way,522,Richardson,TX,75073,427
798378606,Grace,I,Jones,M,7/1/2022,4641,Nebula St,602,Richardson,TX,75053,428
697479426,David,D,Williams,F,1/2/2022,5036,Nebula St,93,Richardson,TX,75073,429
780161480,Jack,G,Smith,F,12/18/2022,8704,Comet Ln,715,Richardson,TX,75057,430
792693264,David,A,Lee,M,10/8/2020,3356,Comet Ln,215,Richardson,TX,75094,431
380910782,Alice,D,Lee,M,10/9/2023,4557,Comet Ln,780,Richardson,TX,75072,432
186302892,Jack,H,Jones,F,3/8/2024,6638,Orbit Dr,256,Richardson,TX,75014,433
553115802,David,B,Brown,F,3/10/2021,6467,Comet Ln,942,Richardson,TX,75027,434
768048671,Alice,A,Williams,M,6/2/2023,680,Comet Ln,746,Richardson,TX,75075,435
256215940,Grace,J,Davis,F,3/27/2019,3443,Nebula St,75,Richardson,TX,75067,436
244310583,Frank,F,Garcia,M,3/28/2019,287,Galaxy Blvd,340,Richardson,TX,75081,437
247902318,David,B,Lee,F,5/15/2020,6539,Galaxy Blvd,587,Richardson,TX,75055,438
817949260,Carol,C,Martinez,M,11/1/2021,4698,Galaxy Blvd,806,Richardson,TX,75057,439
100000040,Carol,A,Lee,M,12/6/2022,7971,Astro Way,585,Richardson,TX,75088,440
100000041,Bob,F,Smith,M,4/13/2021,4785,Comet Ln,625,Richardson,TX,75037,441
705281293,Bob,A,Lee,M,5/14/2024,3469,Galaxy Blvd,112,Richardson,TX,75016,442
399433889,David,G,Garcia,M,4/16/2024,9689,Orbit Dr,947,Richardson,TX,75020,443
127623110,Eva,D,Jones,F,1/9/2022,4161,Nebula St,675,Richardson,TX,75030,444
170752202,Ivy,B,Martinez,F,10/6/2021,6061,Astro Way,819,Richardson,TX,75040,445
721899056,Bob,H,Jones,M,9/13/2022,3987,Nebula St,232,Richardson,TX,75057,446
913825748,Frank,G,Martinez,M,4/21/2022,9101,Galaxy Blvd,467,Richardson,TX,75047,447
643323582,Alice,G,Jones,F,6/9/2021,7598,Orbit Dr,174,Richardson,TX,75064,448
598157287,Jack,F,Jones,M,8/18/2023,1366,Galaxy Blvd,122,Richardson,TX,75084,449
690275357,Carol,C,Davis,M,6/15/2023,7973,Nebula St,338,Richardson,TX,75028,450
370546816,Carol,J,Martinez,F,11/7/2022,6500,Orbit Dr,1,Richardson,TX,75067,451
738787985,Eva,B,Williams,M,8/3/2021,3883,Orbit Dr,910,Richardson,TX,75064,452
420943618,Bob,F,Smith,F,1/18/2022,2190,Nebula St,445,Richardson,TX,75087,453
492915814,Jack,A,Martinez,F,10/9/2023,6257,Galaxy Blvd,524,Richardson,TX,75083,454
532010062,Carol,D,Smith,F,3/14/2024,1644,Comet Ln,215,Richardson,TX,75029,455
115774329,Frank,J,Jones,M,2/21/2023,6537,Orbit Dr,525,Richardson,TX,75073,456
947378132,Ivy,H,Brown,F,11/12/2021,299,Orbit Dr,193,Richardson,TX,75093,457
175768293,Ivy,E,Brown,F,7/26/2023,9203,Nebula St,559,Richardson,TX,75085,458
311401416,Jack,F,Smith,F,2/5/2022,5825,Comet Ln,269,Richardson,TX,75062,459
976178206,Jack,H,Brown,F,12/17/2023,2573,Astro Way,182,Richardson,TX,75038,460
912841141,Bob,A,Jones,F,2/20/2020,132,Orbit Dr,748,Richardson,TX,75034,461
220660195,Frank,D,Garcia,F,12/9/2023,4333,Galaxy Blvd,140,Richardson,TX,75063,462
175992227,Ivy,J,Martinez,M,10/26/2023,185,Nebula St,979,Richardson,TX,75017,463
577221295,Frank,A,Martinez,F,4/20/2024,803,Comet Ln,338,Richardson,TX,75088,464
100000042,Carol,J,Martinez,F,2/12/2024,8522,Comet Ln,636,Richardson,TX,75015,465
187823540,David,H,Martinez,M,5/19/2019,2683,Nebula St,645,Richardson,TX,75049,466
702699563,David,G,Smith,F,2/2/2023,2295,Nebula St,597,Richardson,TX,75080,467
817303771,Jack,D,Jones,F,1/12/2023,5602,Orbit Dr,61,Richardson,TX,75011,468
221268808,Alice,I,Williams,F,11/24/2022,3696,Comet Ln,115,Richardson,TX,75074,469
984951643,Carol,H,Martinez,M,9/24/2022,5367,Orbit Dr,278,Richardson,TX,75074,470
954328143,Carol,I,Jones,M,8/17/2024,787,Nebula St,862,Richardson,TX,75069,471
360937419,Alice,B,Garcia,F,10/20/2023,637,Comet Ln,856,Richardson,TX,75073,472
630763594,Alice,B,Brown,M,2/7/2024,6491,Orbit Dr,838,Richardson,TX,75093,473
939233821,Jack,I,Lee,M,10/8/2021,1296,Orbit Dr,319,Richardson,TX,75070,474
317423834,Eva,B,Jones,M,3/28/2023,6273,Comet Ln,810,Richardson,TX,75096,475
915553981,Grace,A,Martinez,M,11/3/2022,8234,Galaxy Blvd,31,Richardson,TX,75035,476
717232379,David,D,Lee,M,11/22/2024,4302,Orbit Dr,980,Richardson,TX,75032,477
100000043,Alice,C,Smith,M,2/24/2021,1960,Galaxy Blvd,227,Richardson,TX,75036,478
159228671,David,C,Davis,M,10/9/2021,6041,Nebula St,476,Richardson,TX,75094,479
392926531,Eva,C,Jones,M,7/27/2024,2164,Astro Way,47,Richardson,TX,75080,480
606978642,David,H,Smith,M,12/27/2022,1386,Comet Ln,148,Richardson,TX,75098,481
310626467,Jack,A,Smith,M,6/18/2023,6951,Nebula St,9,Richardson,TX,75075,482
208560084,Jack,G,Jones,F,4/20/2022,6306,Astro Way,779,Richardson,TX,75013,483
572224617,Eva,B,Garcia,F,11/9/2019,5648,Comet Ln,679,Richardson,TX,75074,484
937564802,Frank,C,Jones,M,3/2/2023,7368,Astro Way,652,Richardson,TX,75043,485
515957515,David,A,Martinez,F,7/12/2021,5315,Galaxy Blvd,933,Richardson,TX,75076,486
226323832,Frank,E,Davis,M,3/21/2019,5763,Orbit Dr,757,Richardson,TX,75078,487
635926566,Bob,J,Brown,M,12/2/2021,4538,Comet Ln,53,Richardson,TX,75025,488
972109917,Alice,C,Smith,M,9/9/2024,951,Comet Ln,662,Richardson,TX,75046,489
735366050,Grace,I,Davis,M,5/15/2020,3482,Nebula St,49,Richardson,TX,75063,490
605425137,Henry,F,Garcia,M,2/16/2021,6447,Comet Ln,959,Richardson,TX,75052,491
421168155,Frank,F,Martinez,F,1/10/2024,6505,Comet Ln,911,Richardson,TX,75096,492
287768702,Frank,G,Martinez,M,2/17/2023,2935,Comet Ln,484,Richardson,TX,75096,493
252628024,Eva,C,Garcia,F,2/21/2023,4600,Astro Way,946,Richardson,TX,75058,494
688615296,Frank,G,Garcia,M,6/12/2021,5701,Orbit Dr,100,Richardson,TX,75070,495
744675232,Carol,D,Martinez,F,2/9/2020,3816,Astro Way,879,Richardson,TX,75070,496
551230821,Ivy,J,Jones,F,11/22/2022,3385,Galaxy Blvd,859,Richardson,TX,75063,497
286814571,Grace,E,Martinez,F,11/7/2021,9355,Nebula St,322,Richardson,TX,75028,498
396683565,Jack,B,Brown,F,1/11/2023,42,Nebula St,219,Richardson,TX,75014,499
610807352,Alice,C,Williams,F,6/25/2022,1455,Astro Way,145,Richardson,TX,75041,500
531962051,Eva,I,Smith,F,1/8/2021,3382,Orbit Dr,351,Richardson,TX,75023,501
802730088,Frank,B,Jones,M,7/11/2021,9189,Galaxy Blvd,651,Richardson,TX,75085,502
100000044,Frank,B,Williams,M,6/7/2023,1524,Orbit Dr,874,Richardson,TX,75031,503
100000045,Henry,E,Brown,M,7/13/2023,5387,Astro Way,518,Richardson,TX,75061,504
270848482,Frank,E,Garcia,M,12/11/2022,4425,Astro Way,410,Richardson,TX,75090,505
100000046,Carol,C,Brown,M,4/15/2023,5508,Orbit Dr,124,Richardson,TX,75017,506
731921613,Jack,G,Jones,M,4/10/2023,4591,Comet Ln,834,Richardson,TX,75010,507
920002561,Alice,B,Garcia,F,2/14/2020,5869,Orbit Dr,984,Richardson,TX,75026,508
749942194,Carol,E,Brown,F,11/1/2023,473,Orbit Dr,858,Richardson,TX,75087,509
834932210,Eva,D,Smith,F,4/7/2024,1850,Comet Ln,180,Richardson,TX,75041,510
730822342,Alice,H,Martinez,F,3/28/2023,6114,Astro Way,401,Richardson,TX,75061,511
941330580,Grace,A,Smith,F,3/27/2021,8151,Orbit Dr,42,Richardson,TX,75040,512
607152926,Jack,F,Smith,M,11/1/2024,2141,Nebula St,800,Richardson,TX,75077,513
672157538,David,E,Martinez,M,10/22/2023,6247,Galaxy Blvd,549,Richardson,TX,75070,514
328297191,Alice,H,Davis,F,8/28/2019,2128,Nebula St,256,Richardson,TX,75053,515
288595635,Frank,J,Smith,M,10/28/2022,9926,Orbit Dr,235,Richardson,TX,75086,516
219696871,Ivy,E,Martinez,F,9/25/2021,5257,Nebula St,356,Richardson,TX,75020,517
630144281,Bob,J,Jones,F,9/12/2023,8445,Orbit Dr,615,Richardson,TX,75066,518
185164376,Alice,C,Lee,M,1/16/2021,4502,Astro Way,117,Richardson,TX,75029,519
100000047,Alice,F,Davis,M,10/8/2021,9742,Nebula St,135,Richardson,TX,75020,520
182466487,Grace,G,Martinez,F,2/5/2023,2134,Astro Way,446,Richardson,TX,75048,521
910020692,Frank,B,Lee,M,7/27/2023,5116,Astro Way,183,Richardson,TX,75065,522
801414156,David,F,Lee,F,5/8/2021,876,Astro Way,76,Richardson,TX,75073,523
598032398,Eva,I,Martinez,F,4/4/2019,2424,Comet Ln,473,Richardson,TX,75026,524
731941847,Eva,H,Martinez,M,7/13/2023,9313,Astro Way,354,Richardson,TX,75083,525
296542833,Frank,H,Garcia,M,2/5/2021,1612,Orbit Dr,643,Richardson,TX,75060,526
448517496,Jack,C,Martinez,M,11/26/2024,5813,Nebula St,308,Richardson,TX,75014,527
546964605,Jack,A,Martinez,F,7/20/2024,3689,Galaxy Blvd,624,Richardson,TX,75061,528
107110226,Eva,I,Martinez,F,2/6/2022,844,Astro Way,341,Richardson,TX,75020,529
236904003,Alice,I,Brown,M,9/12/2023,6628,Galaxy Blvd,358,Richardson,TX,75055,530
338354016,Alice,G,Smith,M,11/1/2021,4543,Orbit Dr,406,Richardson,TX,75076,531
709205744,Alice,E,Lee,F,4/8/2019,833,Astro Way,356,Richardson,TX,75035,532
420861378,Grace,G,Smith,M,2/8/2024,2009,Orbit Dr,71,Richardson,TX,75041,533
865728004,Eva,A,Jones,F,4/11/2021,5537,Nebula St,356,Richardson,TX,75074,534
703371040,Carol,F,Garcia,M,2/11/2023,4655,Nebula St,973,Richardson,TX,75074,535
100000048,Frank,B,Williams,M,8/21/2021,5915,Orbit Dr,913,Richardson,TX,75029,536
444794052,Frank,J,Smith,F,10/12/2022,3085,Galaxy Blvd,7,Richardson,TX,75051,537
497423343,Frank,J,Lee,M,11/11/2021,7991,Astro Way,445,Richardson,TX,75081,538
736252074,Jack,G,Jones,F,4/25/2024,1946,Nebula St,353,Richardson,TX,75096,539
120915055,Henry,J,Lee,F,12/21/2022,338,Comet Ln,361,Richardson,TX,75056,540
100000049,Ivy,J,Lee,M,5/14/2024,9645,Orbit Dr,173,Richardson,TX,75047,541
452066640,Alice,E,Jones,F,6/2/2024,2010,Astro Way,656,Richardson,TX,75066,542
458509960,Alice,A,Garcia,F,1/12/2023,5594,Galaxy Blvd,764,Richardson,TX,75019,543
592515220,Carol,G,Garcia,M,9/28/2024,5183,Orbit Dr,561,Richardson,TX,75099,544
172798883,Bob,I,Smith,M,9/25/2021,7499,Comet Ln,240,Richardson,TX,75021,545
100000050,Frank,H,Jones,M,10/14/2019,3745,Nebula St,404,Richardson,TX,75036,546
468496763,Jack,A,Lee,M,1/19/2023,1098,Galaxy Blvd,965,Richardson,TX,75026,547
464786411,Eva,G,Martinez,M,8/12/2022,2561,Astro Way,739,Richardson,TX,75010,548
815498989,Grace,G,Smith,F,11/3/2023,9462,Nebula St,279,Richardson,TX,75022,549
100000051,Frank,C,Jones,M,9/13/2024,1938,Galaxy Blvd,677,Richardson,TX,75058,550
896453458,Grace,D,Lee,M,8/13/2023,3142,Astro Way,722,Richardson,TX,75056,551
664982578,Grace,J,Martinez,F,3/27/2023,2189,Galaxy Blvd,938,Richardson,TX,75013,552
652611160,Ivy,F,Jones,M,7/27/2021,3047,Galaxy Blvd,195,Richardson,TX,75051,553
787354962,Frank,I,Martinez,M,6/27/2024,2359,Nebula St,424,Richardson,TX,75083,554
444364698,Jack,G,Martinez,F,3/12/2023,8914,Galaxy Blvd,339,Richardson,TX,75019,555
164683291,Jack,C,Garcia,F,6/19/2019,402,Orbit Dr,82,Richardson,TX,75015,556
100000052,Bob,C,Martinez,F,6/14/2019,5803,Galaxy Blvd,159,Richardson,TX,75064,557
717034347,Jack,A,Brown,F,4/20/2021,4167,Orbit Dr,355,Richardson,TX,75053,558
300178145,Bob,F,Jones,F,3/20/2022,8269,Nebula St,434,Richardson,TX,75031,559
959151452,Alice,A,Brown,F,11/8/2022,2320,Nebula St,421,Richardson,TX,75041,560
299279223,Bob,C,Jones,M,2/2/2019,8562,Astro Way,86,Richardson,TX,75032,561
504448684,David,J,Martinez,M,10/18/2022,4470,Orbit Dr,202,Richardson,TX,75043,562
371408622,Bob,E,Jones,F,1/8/2022,9571,Orbit Dr,150,Richardson,TX,75093,563
196397813,Bob,D,Jones,M,11/10/2021,4331,Galaxy Blvd,804,Richardson,TX,75037,564
459333929,Frank,A,Martinez,F,10/4/2023,8819,Comet Ln,439,Richardson,TX,75072,565
155022875,Frank,B,Brown,F,3/10/2021,6810,Comet Ln,965,Richardson,TX,75051,566
916952800,Bob,F,Jones,F,12/21/2019,5941,Astro Way,514,Richardson,TX,75074,567
758496807,Alice,H,Smith,M,9/1/2021,1059,Galaxy Blvd,592,Richardson,TX,75050,568
478532241,Ivy,A,Martinez,F,7/19/2022,7528,Comet Ln,416,Richardson,TX,75036,569
506083695,Bob,H,Jones,F,6/3/2022,7146,Orbit Dr,157,Richardson,TX,75029,570
100000053,Carol,D,Brown,F,12/20/2019,426,Astro Way,376,Richardson,TX,75029,571
594735641,David,B,Smith,F,1/17/2022,2548,Comet Ln,403,Richardson,TX,75078,572
675078454,Grace,I,Williams,M,6/27/2019,895,Comet Ln,357,Richardson,TX,75088,573
340433888,Grace,D,Williams,F,8/23/2023,6315,Astro Way,475,Richardson,TX,75075,574
248946972,Jack,I,Martinez,M,4/11/2021,5371,Astro Way,403,Richardson,TX,75082,575
100000054,Grace,H,Smith,F,8/16/2021,4924,Comet Ln,286,Richardson,TX,75093,576
641748253,Jack,E,Smith,F,9/2/2023,3005,Galaxy Blvd,656,Richardson,TX,75025,577
547635042,Carol,A,Martinez,F,7/25/2021,8975,Galaxy Blvd,763,Richardson,TX,75060,578
623463642,Bob,H,Martinez,M,10/7/2023,8781,Orbit Dr,178,Richardson,TX,75095,579
172507097,Jack,H,Davis,F,3/20/2021,4572,Orbit Dr,665,Richardson,TX,75090,580
775852716,Jack,C,Brown,F,5/19/2023,7423,Comet Ln,412,Richardson,TX,75014,581
557793935,Frank,A,Williams,M,11/17/2024,8996,Comet Ln,177,Richardson,TX,75086,582
829954517,David,J,Williams,M,6/5/2023,4150,Nebula St,32,Richardson,TX,75076,583
686895345,Eva,G,Martinez,F,3/16/2019,3777,Galaxy Blvd,321,Richardson,TX,75035,584
536887669,Jack,J,Martinez,M,7/17/2023,3025,Comet Ln,995,Richardson,TX,75017,585
602696012,Ivy,I,Smith,F,3/20/2021,9072,Orbit Dr,428,Richardson,TX,75039,586
113446224,Grace,J,Brown,F,1/9/2022,2301,Astro Way,518,Richardson,TX,75027,587
885740203,Bob,I,Jones,F,10/20/2020,9909,Galaxy Blvd,663,Richardson,TX,75081,588
348188268,Henry,F,Davis,F,12/17/2020,6629,Galaxy Blvd,403,Richardson,TX,75041,589
140514537,Alice,A,Jones,M,9/9/2021,8973,Galaxy Blvd,995,Richardson,TX,75020,590
514086103,Frank,A,Smith,M,10/22/2022,2889,Astro Way,851,Richardson,TX,75065,591
575250883,Grace,B,Davis,F,11/26/2019,5891,Astro Way,946,Richardson,TX,75079,592
872197714,Alice,H,Lee,M,7/20/2023,512,Orbit Dr,502,Richardson,TX,75081,593
100000055,David,C,Garcia,F,11/6/2023,797,Nebula St,346,Richardson,TX,75056,594
500019392,Henry,D,Martinez,F,4/28/2022,290,Comet Ln,196,Richardson,TX,75058,595
100000056,Alice,I,Garcia,F,9/7/2023,1408,Comet Ln,777,Richardson,TX,75070,596
126902403,Grace,J,Davis,F,9/24/2022,3527,Orbit Dr,832,Richardson,TX,75068,597
859707809,David,F,Martinez,M,5/13/2023,1020,Galaxy Blvd,862,Richardson,TX,75077,598
246499922,Eva,I,Brown,F,5/20/2024,6515,Astro Way,122,Richardson,TX,75054,599
398241407,Grace,H,Brown,F,2/26/2020,7536,Astro Way,248,Richardson,TX,75019,600
315730461,Grace,A,Smith,M,6/25/2021,1285,Astro Way,711,Richardson,TX,75030,601
653139111,Ivy,D,Jones,F,4/13/2024,2830,Nebula St,810,Richardson,TX,75036,602
987260886,Alice,F,Martinez,F,10/5/2024,2499,Astro Way,302,Richardson,TX,75058,603
988405591,Ivy,D,Martinez,M,8/11/2020,5506,Comet Ln,505,Richardson,TX,75070,604
127440715,Eva,F,Brown,F,12/28/2020,7882,Astro Way,189,Richardson,TX,75089,605
231865958,Grace,F,Garcia,M,1/1/2024,2559,Orbit Dr,350,Richardson,TX,75042,606
719207995,Ivy,B,Brown,M,2/15/2023,7046,Comet Ln,445,Richardson,TX,75085,607
100000057,Bob,J,Smith,F,8/11/2023,4360,Nebula St,115,Richardson,TX,75053,608
878686104,Alice,H,Martinez,F,7/10/2021,6947,Nebula St,457,Richardson,TX,75025,609
944480866,Bob,H,Smith,M,3/23/2024,5696,Orbit Dr,755,Richardson,TX,75047,610
202313370,Eva,I,Garcia,M,6/6/2024,2797,Astro Way,907,Richardson,TX,75014,611
986741551,Ivy,G,Jones,F,12/16/2023,3499,Orbit Dr,880,Richardson,TX,75024,612
944318588,Frank,C,Jones,F,2/28/2021,3420,Astro Way,415,Richardson,TX,75060,613
552297348,Bob,D,Jones,F,1/4/2020,2472,Orbit Dr,503,Richardson,TX,75069,614
514515992,Bob,J,Jones,M,9/11/2021,4834,Comet Ln,773,Richardson,TX,75091,615
637015424,David,D,Davis,M,11/27/2020,5785,Orbit Dr,715,Richardson,TX,75035,616
612632242,Eva,H,Martinez,M,8/4/2019,9528,Comet Ln,975,Richardson,TX,75070,617
100000058,Ivy,F,Lee,M,11/15/2022,1022,Galaxy Blvd,463,Richardson,TX,75086,618
806336128,Bob,J,Jones,F,6/23/2024,9157,Comet Ln,723,Richardson,TX,75033,619
607818708,Eva,B,Lee,F,5/27/2020,3991,Orbit Dr,143,Richardson,TX,75016,620
545686211,Alice,H,Smith,F,1/2/2022,6954,Galaxy Blvd,44,Richardson,TX,75096,621
418617026,Frank,B,Lee,F,1/11/2021,7020,Orbit Dr,768,Richardson,TX,75059,622
100000059,Jack,G,Garcia,F,4/19/2021,2932,Astro Way,238,Richardson,TX,75084,623
387611836,Carol,G,Smith,F,4/20/2023,119,Galaxy Blvd,647,Richardson,TX,75086,624
100000060,Carol,B,Martinez,M,2/9/2023,5002,Galaxy Blvd,770,Richardson,TX,75065,625
289329422,Henry,E,Brown,F,7/24/2020,5450,Nebula St,393,Richardson,TX,75042,626
856634553,Carol,A,Jones,F,1/29/2023,6528,Comet Ln,497,Richardson,TX,75024,627
763845353,David,C,Jones,F,10/5/2021,4168,Astro Way,686,Richardson,TX,75092,628
275469003,Eva,F,Brown,F,9/27/2019,2569,Galaxy Blvd,657,Richardson,TX,75081,629
317026478,Eva,F,Smith,F,8/11/2021,5204,Orbit Dr,364,Richardson,TX,75074,630
100000061,Carol,B,Davis,M,11/23/2023,6051,Galaxy Blvd,80,Richardson,TX,75052,631
339113928,Alice,D,Martinez,F,10/8/2019,2745,Galaxy Blvd,364,Richardson,TX,75036,632
865941906,David,B,Jones,F,3/28/2023,5348,Astro Way,103,Richardson,TX,75024,633
858977303,Frank,E,Smith,M,5/23/2022,9141,Orbit Dr,792,Richardson,TX,75077,634
140854214,Henry,J,Lee,F,2/22/2023,9362,Nebula St,960,Richardson,TX,75014,635
894194477,Grace,I,Martinez,F,5/5/2023,688,Astro Way,46,Richardson,TX,75088,636
423949264,Bob,A,Smith,F,1/2/2023,1094,Nebula St,326,Richardson,TX,75061,637
418461660,David,I,Lee,F,12/15/2021,568,Nebula St,997,Richardson,TX,75041,638
490512774,Bob,A,Williams,F,10/3/2020,4421,Orbit Dr,223,Richardson,TX,75082,639
398790005,Ivy,E,Jones,M,7/21/2023,8849,Orbit Dr,122,Richardson,TX,75065,640
586894827,Alice,I,Jones,F,8/19/2022,689,Astro Way,574,Richardson,TX,75075,641
666849402,Carol,G,Davis,M,10/3/2021,8619,Nebula St,172,Richardson,TX,75067,642
792385108,Carol,F,Smith,M,9/15/2021,7317,Galaxy Blvd,226,Richardson,TX,75055,643
416892316,Alice,A,Garcia,M,6/24/2024,7120,Orbit Dr,194,Richardson,TX,75073,644
532373775,Carol,I,Smith,M,9/2/2022,1529,Galaxy Blvd,145,Richardson,TX,75098,645
418483364,Ivy,E,Brown,M,5/11/2024,3085,Astro Way,295,Richardson,TX,75085,646
188645228,Bob,D,Martinez,M,9/9/2019,3563,Galaxy Blvd,541,Richardson,TX,75051,647
100000062,Jack,B,Martinez,F,3/25/2019,7189,Nebula St,655,Richardson,TX,75096,648
100000063,Jack,E,Williams,M,6/22/2024,4123,Galaxy Blvd,75,Richardson,TX,75036,649
272062947,Jack,B,Smith,M,10/18/2022,9383,Orbit Dr,800,Richardson,TX,75046,650
382992890,Henry,J,Smith,M,6/14/2023,1077,Astro Way,877,Richardson,TX,75055,651
760821508,Alice,B,Smith,M,10/2/2023,2249,Comet Ln,156,Richardson,TX,75097,652
768332960,Alice,E,Brown,F,7/28/2020,4661,Galaxy Blvd,773,Richardson,TX,75089,653
931138684,Ivy,G,Davis,F,12/13/2022,8446,Nebula St,949,Richardson,TX,75013,654
749894730,David,A,Brown,M,1/4/2022,2413,Comet Ln,357,Richardson,TX,75055,655
163144477,Bob,H,Williams,F,7/25/2024,2979,Astro Way,407,Richardson,TX,75047,656
789471894,Eva,H,Garcia,F,10/10/2020,1769,Comet Ln,474,Richardson,TX,75064,657
992249922,Bob,A,Martinez,F,10/22/2024,3723,Astro Way,65,Richardson,TX,75080,658
700696802,Bob,G,Martinez,F,5/25/2022,6050,Orbit Dr,950,Richardson,TX,75039,659
771769527,Jack,A,Davis,F,4/19/2022,6811,Nebula St,350,Richardson,TX,75081,660
723893318,Henry,E,Brown,M,10/7/2023,7928,Orbit Dr,273,Richardson,TX,75037,661
100000064,Bob,H,Lee,F,1/27/2019,3107,Comet Ln,835,Richardson,TX,75026,662
380068897,Grace,F,Williams,F,1/10/2022,3663,Astro Way,689,Richardson,TX,75031,663
657564362,Carol,G,Davis,M,2/27/2021,3791,Galaxy Blvd,969,Richardson,TX,75080,664
827264059,Grace,H,Lee,M,12/24/2023,5939,Astro Way,957,Richardson,TX,75014,665
376226153,Carol,H,Brown,M,2/28/2023,4393,Nebula St,608,Richardson,TX,75026,666
100000065,Jack,J,Williams,M,10/22/2022,2084,Nebula St,743,Richardson,TX,75053,667
233591784,Carol,B,Davis,F,2/19/2021,6125,Comet Ln,331,Richardson,TX,75039,668
194417344,Bob,H,Garcia,M,11/19/2021,4782,Orbit Dr,198,Richardson,TX,75093,669
398186645,Alice,F,Jones,F,12/6/2024,7444,Astro Way,425,Richardson,TX,75038,670
931829666,Ivy,E,Garcia,F,1/26/2023,2033,Astro Way,750,Richardson,TX,75021,671
545649191,Carol,D,Garcia,F,10/6/2021,2133,Orbit Dr,498,Richardson,TX,75020,672
576714281,Ivy,D,Martinez,F,4/10/2023,2693,Comet Ln,745,Richardson,TX,75021,673
223383941,Eva,I,Martinez,M,5/1/2021,8480,Comet Ln,983,Richardson,TX,75053,674
962003519,Eva,H,Jones,M,9/2/2021,5502,Galaxy Blvd,252,Richardson,TX,75030,675
981073463,Henry,H,Garcia,M,10/7/2022,9101,Orbit Dr,290,Richardson,TX,75012,676
509240053,Eva,J,Williams,F,11/19/2021,9157,Galaxy Blvd,612,Richardson,TX,75095,677
562361311,Jack,B,Martinez,F,1/18/2023,8973,Orbit Dr,105,Richardson,TX,75030,678
601765707,Henry,J,Jones,M,9/11/2023,8465,Astro Way,226,Richardson,TX,75034,679
667242478,Henry,H,Jones,F,2/7/2021,4919,Orbit Dr,18,Richardson,TX,75022,680
378099207,Carol,A,Williams,M,10/4/2023,7556,Nebula St,128,Richardson,TX,75060,681
644201171,Bob,E,Williams,M,5/4/2019,4876,Nebula St,298,Richardson,TX,75036,682
360845038,Bob,I,Martinez,M,4/1/2022,5936,Nebula St,354,Richardson,TX,75077,683
665782379,Eva,G,Garcia,F,9/6/2024,6243,Orbit Dr,203,Richardson,TX,75033,684
511830307,Grace,D,Smith,F,4/11/2024,730,Orbit Dr,343,Richardson,TX,75097,685
100000066,Frank,A,Williams,F,11/16/2023,2549,Astro Way,125,Richardson,TX,75087,686
225683584,Grace,E,Jones,M,11/11/2023,4544,Galaxy Blvd,738,Richardson,TX,75062,687
173005297,Grace,H,Lee,F,10/4/2020,5756,Comet Ln,848,Richardson,TX,75046,688
100000067,Ivy,C,Davis,F,2/7/2020,8034,Nebula St,437,Richardson,TX,75018,689
126201917,Ivy,F,Martinez,M,7/20/2024,5068,Orbit Dr,476,Richardson,TX,75028,690
613091281,Bob,I,Martinez,F,2/14/2023,3078,Orbit Dr,10,Richardson,TX,75054,691
472021651,Frank,F,Jones,F,6/21/2022,3414,Comet Ln,718,Richardson,TX,75091,692
860135887,Ivy,B,Lee,M,5/16/2021,5871,Comet Ln,669,Richardson,TX,75054,693
655470897,David,H,Garcia,M,4/8/2020,9887,Astro Way,870,Richardson,TX,75022,694
737182473,Frank,G,Smith,M,6/8/2023,1712,Orbit Dr,712,Richardson,TX,75074,695
455496409,Jack,A,Williams,M,11/13/2021,4843,Nebula St,258,Richardson,TX,75017,696
100000068,Eva,D,Davis,F,4/16/2022,3959,Astro Way,663,Richardson,TX,75040,697
681019725,Ivy,D,Martinez,M,11/17/2022,7505,Galaxy Blvd,763,Richardson,TX,75069,698
578425364,Alice,C,Garcia,M,8/27/2022,698,Galaxy Blvd,310,Richardson,TX,75086,699
634577579,Grace,C,Williams,M,2/19/2021,9509,Orbit Dr,445,Richardson,TX,75074,700
432790588,Carol,D,Lee,M,1/11/2021,1839,Nebula St,148,Richardson,TX,75052,701
545726850,Eva,G,Lee,M,12/21/2020,8694,Nebula St,448,Richardson,TX,75046,702
100000069,Ivy,F,Brown,F,10/23/2021,7840,Galaxy Blvd,804,Richardson,TX,75081,703
969872661,Carol,G,Jones,M,8/5/2021,9003,Comet Ln,387,Richardson,TX,75017,704
378989510,Ivy,J,Garcia,F,5/16/2022,9237,Orbit Dr,126,Richardson,TX,75054,705
202440930,Bob,E,Jones,F,4/28/2020,1578,Nebula St,980,Richardson,TX,75089,706
792516743,Frank,G,Jones,M,12/10/2021,6277,Comet Ln,604,Richardson,TX,75096,707
555946347,Grace,I,Jones,F,4/28/2019,830,Orbit Dr,389,Richardson,TX,75049,708
961243520,David,B,Lee,M,1/20/2022,3250,Orbit Dr,965,Richardson,TX,75070,709
100000070,Henry,C,Brown,F,7/17/2023,5528,Astro Way,199,Richardson,TX,75071,710
732002800,Carol,A,Davis,F,2/1/2022,48,Nebula St,639,Richardson,TX,75073,711
318224165,Ivy,F,Davis,F,7/2/2021,2902,Nebula St,54,Richardson,TX,75031,712
100000071,Bob,D,Jones,F,8/5/2021,6442,Orbit Dr,780,Richardson,TX,75050,713
403181647,Bob,E,Smith,F,1/19/2022,2718,Astro Way,208,Richardson,TX,75045,714
492965119,Ivy,A,Smith,M,3/10/2023,5101,Astro Way,458,Richardson,TX,75017,715
481585099,Jack,I,Martinez,M,2/21/2022,1162,Nebula St,446,Richardson,TX,75075,716
540421525,Carol,A,Davis,M,11/5/2021,1130,Astro Way,841,Richardson,TX,75038,717
551041612,Grace,G,Brown,M,3/13/2021,9305,Astro Way,691,Richardson,TX,75079,718
435837039,Grace,B,Brown,M,11/9/2020,8285,Galaxy Blvd,684,Richardson,TX,75036,719
581097716,Henry,F,Garcia,F,3/12/2023,557,Orbit Dr,416,Richardson,TX,75056,720
512679911,Alice,H,Jones,F,3/18/2024,8879,Galaxy Blvd,308,Richardson,TX,75097,721
100000072,Eva,F,Jones,M,3/7/2021,6470,Orbit Dr,383,Richardson,TX,75068,722
577483577,Jack,C,Jones,M,8/20/2022,1651,Nebula St,260,Richardson,TX,75047,723
380576265,Frank,A,Martinez,M,6/16/2020,5096,Galaxy Blvd,782,Richardson,TX,75042,724
114203867,Henry,G,Lee,F,6/1/2021,2214,Comet Ln,588,Richardson,TX,75016,725
148738946,Frank,C,Smith,M,11/18/2021,7307,Nebula St,864,Richardson,TX,75036,726
557024415,Alice,B,Davis,M,2/3/2022,6164,Astro Way,489,Richardson,TX,75045,727
381743739,Frank,G,Jones,F,1/3/2022,1736,Orbit Dr,798,Richardson,TX,75044,728
639433342,Jack,J,Davis,M,1/15/2023,39,Galaxy Blvd,600,Richardson,TX,75088,729
360724385,Bob,E,Martinez,M,11/13/2023,1377,Comet Ln,989,Richardson,TX,75055,730
714516838,Bob,D,Brown,M,8/12/2024,9870,Nebula St,1,Richardson,TX,75094,731
871575955,Carol,A,Garcia,F,2/20/2021,6171,Astro Way,830,Richardson,TX,75046,732
932555948,Grace,D,Lee,M,3/13/2022,2436,Astro Way,399,Richardson,TX,75044,733
979347367,Frank,F,Jones,M,3/11/2022,580,Comet Ln,118,Richardson,TX,75053,734
424527880,Jack,G,Jones,F,2/21/2023,3628,Galaxy Blvd,785,Richardson,TX,75017,735
927626135,Eva,J,Martinez,M,5/27/2024,9339,Astro Way,777,Richardson,TX,75031,736
489757320,Frank,C,Lee,F,1/21/2024,56,Astro Way,923,Richardson,TX,75087,737
256694928,Frank,F,Davis,M,4/10/2023,4899,Nebula St,428,Richardson,TX,75050,738
545254572,Frank,E,Martinez,M,7/18/2021,8250,Galaxy Blvd,246,Richardson,TX,75063,739
397267491,Eva,F,Martinez,F,8/14/2020,6154,Astro Way,262,Richardson,TX,75041,740
476540924,Jack,B,Jones,M,6/7/2023,4424,Nebula St,512,Richardson,TX,75089,741
492303831,Frank,E,Davis,M,10/8/2020,9383,Astro Way,480,Richardson,TX,75042,742
100000073,Bob,J,Lee,F,2/9/2021,27,Nebula St,594,Richardson,TX,75027,743
854481856,Grace,F,Brown,M,6/16/2024,3624,Comet Ln,104,Richardson,TX,75043,744
100000074,Henry,H,Williams,M,2/21/2021,3587,Comet Ln,886,Richardson,TX,75010,745
548952570,Henry,A,Martinez,M,8/7/2023,4147,Comet Ln,392,Richardson,TX,75056,746
100000075,Ivy,A,Garcia,F,5/24/2019,2302,Galaxy Blvd,135,Richardson,TX,75028,747
100000076,David,C,Williams,M,12/28/2022,5455,Astro Way,160,Richardson,TX,75058,748
710143224,Frank,D,Williams,F,12/28/2022,3661,Orbit Dr,901,Richardson,TX,75048,749
231748591,Frank,C,Williams,F,8/23/2021,7893,Orbit Dr,448,Richardson,TX,75069,750
100000077,David,J,Lee,M,1/19/2024,4039,Astro Way,777,Richardson,TX,75044,751
763508124,Alice,C,Smith,M,1/4/2024,5900,Astro Way,539,Richardson,TX,75040,752
479364124,David,H,Jones,M,11/5/2023,3400,Orbit Dr,254,Richardson,TX,75081,753
556795788,Grace,E,Jones,M,4/10/2020,8874,Galaxy Blvd,151,Richardson,TX,75072,754
796740966,Henry,F,Williams,M,10/9/2020,804,Comet Ln,912,Richardson,TX,75090,755
377199028,Carol,F,Brown,F,6/26/2024,538,Astro Way,818,Richardson,TX,75084,756
651780571,Henry,G,Williams,M,4/20/2024,2680,Nebula St,218,Richardson,TX,75030,757
145050736,David,C,Davis,F,7/13/2021,9423,Comet Ln,955,Richardson,TX,75096,758
452353461,Jack,J,Williams,F,5/2/2022,7756,Nebula St,960,Richardson,TX,75014,759
428474999,Carol,A,Jones,M,1/21/2023,9889,Astro Way,179,Richardson,TX,75015,760
483166548,Henry,E,Brown,M,6/24/2023,8406,Galaxy Blvd,433,Richardson,TX,75058,761
936088867,Frank,H,Williams,F,12/19/2023,3148,Nebula St,960,Richardson,TX,75031,762
705384871,David,I,Martinez,F,2/23/2023,398,Galaxy Blvd,826,Richardson,TX,75065,763
117355142,Jack,H,Williams,M,3/19/2024,8143,Comet Ln,436,Richardson,TX,75077,764
654609222,Grace,H,Martinez,M,9/5/2019,3624,Orbit Dr,912,Richardson,TX,75015,765
863861244,Bob,J,Jones,M,2/22/2022,2083,Astro Way,282,Richardson,TX,75028,766
885256329,Carol,C,Brown,F,3/16/2022,2809,Galaxy Blvd,558,Richardson,TX,75085,767
408879995,Bob,F,Martinez,F,11/13/2024,6313,Comet Ln,42,Richardson,TX,75048,768
567401867,Jack,G,Martinez,F,3/23/2021,2538,Orbit Dr,326,Richardson,TX,75042,769
354976571,Alice,J,Lee,F,8/20/2024,33,Comet Ln,731,Richardson,TX,75063,770
855319285,Ivy,C,Garcia,F,11/22/2022,4307,Orbit Dr,842,Richardson,TX,75097,771
734381336,Alice,G,Smith,F,10/9/2023,8945,Orbit Dr,550,Richardson,TX,75088,772
684848478,Ivy,F,Martinez,M,11/11/2020,8660,Nebula St,280,Richardson,TX,75076,773
375352489,Jack,B,Davis,M,10/10/2021,2331,Orbit Dr,513,Richardson,TX,75022,774
100000078,Carol,G,Martinez,M,9/12/2022,8161,Astro Way,119,Richardson,TX,75084,775
711096461,Jack,J,Jones,F,4/17/2024,2128,Orbit Dr,858,Richardson,TX,75085,776
949654912,Alice,A,Garcia,M,8/24/2024,8728,Orbit Dr,993,Richardson,TX,75043,777
309825939,Alice,B,Smith,M,12/18/2022,9834,Astro Way,892,Richardson,TX,75078,778
194548435,Bob,D,Martinez,M,10/24/2020,2138,Astro Way,545,Richardson,TX,75017,779
810893430,Jack,H,Martinez,M,9/24/2022,4089,Orbit Dr,458,Richardson,TX,75058,780
672131534,Grace,D,Smith,M,6/19/2022,4544,Galaxy Blvd,503,Richardson,TX,75028,781
773993718,Eva,G,Brown,F,2/3/2024,1385,Orbit Dr,208,Richardson,TX,75025,782
553827906,Jack,H,Williams,M,12/15/2024,9130,Nebula St,707,Richardson,TX,75070,783
100000079,Frank,E,Brown,M,3/4/2022,2237,Galaxy Blvd,431,Richardson,TX,75082,784
288234191,Carol,C,Brown,M,12/14/2020,3565,Orbit Dr,447,Richardson,TX,75029,785
907966255,Grace,F,Jones,M,1/8/2021,1650,Orbit Dr,172,Richardson,TX,75049,786
283239270,Grace,H,Smith,M,1/5/2024,8726,Astro Way,316,Richardson,TX,75031,787
364395136,Carol,D,Martinez,M,9/16/2023,3616,Astro Way,521,Richardson,TX,75058,788
610363248,Frank,I,Lee,M,4/23/2022,5356,Galaxy Blvd,924,Richardson,TX,75049,789
626390105,Ivy,C,Lee,F,11/23/2023,859,Orbit Dr,749,Richardson,TX,75062,790
857969521,Bob,F,Jones,F,2/18/2024,8795,Nebula St,189,Richardson,TX,75045,791
197937220,Henry,J,Martinez,F,6/11/2019,3345,Nebula St,104,Richardson,TX,75026,792
171799316,Henry,G,Jones,M,10/13/2020,5298,Comet Ln,808,Richardson,TX,75024,793
796693260,Bob,F,Martinez,F,10/6/2022,1800,Orbit Dr,964,Richardson,TX,75046,794
155884239,Jack,J,Martinez,M,6/2/2021,9478,Orbit Dr,842,Richardson,TX,75088,795
818977738,Carol,E,Smith,F,5/21/2024,5682,Galaxy Blvd,706,Richardson,TX,75083,796
717996677,Henry,I,Brown,M,12/13/2023,8165,Astro Way,659,Richardson,TX,75038,797
609492883,Grace,I,Jones,M,10/2/2020,4083,Nebula St,732,Richardson,TX,75013,798
656843612,Ivy,F,Smith,F,6/7/2020,6751,Galaxy Blvd,251,Richardson,TX,75063,799
688777625,Frank,F,Jones,M,2/16/2022,9448,Nebula St,815,Richardson,TX,75070,800
665866163,Carol,J,Martinez,F,6/2/2023,3827,Galaxy Blvd,917,Richardson,TX,75064,801
557548716,Frank,I,Martinez,F,8/11/2023,5699,Comet Ln,406,Richardson,TX,75091,802
569379641,Henry,H,Davis,F,11/27/2024,8082,Nebula St,903,Richardson,TX,75029,803
100000080,Bob,H,Garcia,F,4/1/2022,7179,Comet Ln,927,Richardson,TX,75048,804
527064819,Henry,H,Davis,M,8/25/2020,8791,Comet Ln,482,Richardson,TX,75070,805
536540870,Alice,F,Jones,M,7/2/2023,6641,Comet Ln,381,Richardson,TX,75095,806
730232380,Frank,B,Jones,M,3/13/2020,5232,Comet Ln,574,Richardson,TX,75058,807
100000081,David,H,Brown,M,3/24/2024,138,Comet Ln,315,Richardson,TX,75017,808
134245824,Ivy,G,Garcia,F,5/1/2023,2967,Orbit Dr,908,Richardson,TX,75038,809
571243192,Henry,H,Williams,M,6/23/2021,4011,Nebula St,318,Richardson,TX,75076,810
935311638,Ivy,C,Brown,M,7/3/2022,1841,Comet Ln,744,Richardson,TX,75080,811
100000000,Grace,A,Martinez,F,4/11/2023,7030,Astro Way,815,Richardson,TX,75045,812
820310423,Carol,D,Martinez,F,5/23/2021,1208,Comet Ln,547,Richardson,TX,75039,813
932770935,Carol,D,Garcia,M,5/22/2022,3009,Astro Way,83,Richardson,TX,75051,814
808966474,Grace,F,Jones,F,3/16/2021,7572,Orbit Dr,403,Richardson,TX,75045,815
100000082,David,H,Jones,F,6/13/2023,2294,Nebula St,887,Richardson,TX,75037,816
887079062,Jack,A,Brown,F,12/18/2019,2240,Nebula St,359,Richardson,TX,75021,817
769085819,Alice,A,Brown,F,4/9/2022,2511,Orbit Dr,529,Richardson,TX,75084,818
390716057,David,C,Jones,F,4/21/2024,1130,Astro Way,939,Richardson,TX,75065,819
294163442,Carol,E,Jones,F,1/13/2020,2298,Comet Ln,48,Richardson,TX,75049,820
100000083,Frank,F,Martinez,M,5/21/2022,3873,Comet Ln,128,Richardson,TX,75046,821
322635152,Alice,E,Smith,M,6/24/2019,3528,Comet Ln,291,Richardson,TX,75059,822
845842315,David,C,Martinez,F,10/25/2019,6271,Orbit Dr,985,Richardson,TX,75033,823
327094002,Grace,E,Martinez,M,8/20/2024,9303,Nebula St,575,Richardson,TX,75065,824
550141983,Frank,G,Williams,F,2/20/2020,380,Galaxy Blvd,476,Richardson,TX,75076,825
920850538,Eva,A,Garcia,F,2/12/2024,9389,Comet Ln,595,Richardson,TX,75032,826
976248110,Bob,H,Smith,F,11/14/2022,5662,Nebula St,610,Richardson,TX,75068,827
946552908,Henry,G,Brown,M,6/5/2020,9047,Nebula St,248,Richardson,TX,75051,828
256338470,Alice,D,Jones,F,5/8/2024,8125,Orbit Dr,902,Richardson,TX,75042,829
469554539,Jack,D,Williams,M,6/7/2021,8693,Astro Way,527,Richardson,TX,75081,830
695437289,Henry,J,Davis,F,6/1/2021,9878,Comet Ln,995,Richardson,TX,75050,831
649526960,Ivy,G,Davis,F,2/15/2021,8375,Galaxy Blvd,297,Richardson,TX,75054,832
397874025,Alice,B,Martinez,F,5/10/2022,8179,Orbit Dr,198,Richardson,TX,75097,833
289875157,David,E,Jones,M,7/22/2023,7243,Comet Ln,855,Richardson,TX,75027,834
100000084,Henry,A,Brown,M,9/23/2023,3732,Astro Way,2,Richardson,TX,75055,835
764007942,Alice,H,Martinez,M,12/1/2021,7298,Nebula St,408,Richardson,TX,75074,836
100000085,Frank,C,Jones,M,11/10/2023,718,Nebula St,885,Richardson,TX,75069,837
546222657,Alice,E,Martinez,F,2/24/2020,6126,Comet Ln,701,Richardson,TX,75042,838
811579203,Jack,E,Davis,M,4/15/2021,9393,Comet Ln,948,Richardson,TX,75034,839
555794856,Grace,D,Martinez,M,6/22/2019,3735,Astro Way,812,Richardson,TX,75019,840
415718967,Jack,I,Jones,M,7/27/2024,8757,Nebula St,464,Richardson,TX,75038,841
381627527,Carol,H,Jones,F,4/26/2024,7595,Galaxy Blvd,968,Richardson,TX,75027,842
325266190,David,G,Jones,F,10/1/2021,8020,Nebula St,629,Richardson,TX,75067,843
204673498,Carol,B,Jones,F,11/28/2021,7621,Comet Ln,188,Richardson,TX,75074,844
126297191,Alice,E,Smith,M,4/26/2023,2391,Orbit Dr,1,Richardson,TX,75049,845
707493216,Henry,J,Martinez,M,7/17/2020,7919,Orbit Dr,444,Richardson,TX,75064,846
492199490,Alice,I,Williams,F,10/27/2024,2529,Galaxy Blvd,841,Richardson,TX,75037,847
922625532,Jack,H,Davis,F,7/2/2020,2327,Orbit Dr,932,Richardson,TX,75019,848
188522794,Eva,G,Brown,F,5/15/2024,6216,Astro Way,747,Richardson,TX,75022,849
100000086,Jack,B,Jones,F,2/15/2024,9047,Comet Ln,286,Richardson,TX,75039,850
708666525,David,J,Garcia,F,9/7/2024,2085,Astro Way,800,Richardson,TX,75060,851
150590028,Alice,B,Garcia,M,5/8/2022,5188,Nebula St,566,Richardson,TX,75079,852
176301316,Alice,I,Williams,M,1/9/2023,2722,Nebula St,858,Richardson,TX,75018,853
515307307,Jack,J,Brown,F,4/5/2024,104,Nebula St,673,Richardson,TX,75021,854
540566016,Carol,J,Smith,M,7/10/2024,8603,Astro Way,483,Richardson,TX,75085,855
119931620,Ivy,A,Lee,F,6/23/2022,931,Nebula St,515,Richardson,TX,75093,856
100000087,Grace,H,Davis,F,9/20/2020,1370,Galaxy Blvd,241,Richardson,TX,75012,857
833125144,Bob,J,Garcia,F,10/4/2019,706,Orbit Dr,213,Richardson,TX,75013,858
321518394,Bob,F,Williams,F,10/1/2021,4453,Orbit Dr,953,Richardson,TX,75087,859
360662923,Ivy,B,Davis,M,9/14/2023,4072,Comet Ln,910,Richardson,TX,75052,860
135467474,Henry,G,Martinez,M,8/9/2021,8323,Orbit Dr,450,Richardson,TX,75087,861
571673439,Jack,D,Garcia,F,11/22/2021,9961,Orbit Dr,126,Richardson,TX,75037,862
360696328,Eva,A,Brown,F,2/18/2024,9328,Astro Way,158,Richardson,TX,75057,863
327476774,Frank,A,Williams,M,1/19/2022,6988,Astro Way,760,Richardson,TX,75014,864
456744286,Grace,A,Jones,M,9/11/2022,4842,Comet Ln,784,Richardson,TX,75072,865
564813482,Carol,F,Davis,F,8/28/2023,9594,Galaxy Blvd,555,Richardson,TX,75065,866
439516495,Ivy,A,Smith,F,12/21/2024,365,Comet Ln,201,Richardson,TX,75013,867
452186693,Jack,B,Lee,F,6/21/2021,1346,Orbit Dr,94,Richardson,TX,75020,868
372736581,Alice,J,Martinez,F,12/11/2023,8249,Orbit Dr,53,Richardson,TX,75014,869
784358717,Jack,J,Lee,M,5/15/2020,1116,Galaxy Blvd,51,Richardson,TX,75015,870
412722540,Grace,J,Martinez,M,6/8/2024,8787,Comet Ln,923,Richardson,TX,75039,871
734475637,Carol,H,Garcia,F,3/12/2019,5921,Orbit Dr,980,Richardson,TX,75095,872
843683820,Bob,I,Smith,F,6/14/2023,2540,Astro Way,952,Richardson,TX,75047,873
100000088,Henry,A,Jones,F,8/9/2021,626,Nebula St,726,Richardson,TX,75047,874
297149847,Jack,H,Martinez,M,9/15/2024,6733,Galaxy Blvd,929,Richardson,TX,75024,875
925018754,Bob,B,Jones,M,7/17/2022,864,Astro Way,974,Richardson,TX,75022,876
600016458,Jack,C,Martinez,M,6/28/2021,4459,Orbit Dr,337,Richardson,TX,75077,877
854960070,David,E,Garcia,M,1/18/2021,4056,Comet Ln,357,Richardson,TX,75021,878
300026832,David,J,Martinez,F,3/14/2022,5718,Orbit Dr,440,Richardson,TX,75050,879
508652510,David,B,Garcia,F,4/26/2024,2265,Comet Ln,597,Richardson,TX,75054,880
304665873,Henry,H,Williams,F,6/27/2021,5700,Comet Ln,431,Richardson,TX,75054,881
519233506,David,A,Brown,F,5/18/2020,2624,Galaxy Blvd,794,Richardson,TX,75018,882
291301763,Frank,D,Williams,M,1/14/2019,6216,Orbit Dr,796,Richardson,TX,75055,883
842341927,Ivy,A,Smith,F,5/5/2023,6714,Comet Ln,93,Richardson,TX,75050,884
785418685,Jack,E,Jones,M,4/10/2022,6496,Orbit Dr,480,Richardson,TX,75089,885
249898537,David,I,Lee,M,9/25/2023,6273,Galaxy Blvd,564,Richardson,TX,75084,886
487456546,Eva,E,Jones,F,11/17/2024,2214,Nebula St,934,Richardson,TX,75051,887
177664067,Eva,D,Jones,M,11/15/2023,9404,Galaxy Blvd,765,Richardson,TX,75057,888
524160345,Henry,F,Garcia,M,8/21/2022,6849,Astro Way,804,Richardson,TX,75045,889
945623225,Jack,H,Brown,M,5/16/2023,6147,Galaxy Blvd,450,Richardson,TX,75095,890
750793970,Alice,H,Garcia,F,2/18/2021,5235,Astro Way,659,Richardson,TX,75051,891
936096402,Carol,E,Smith,F,8/8/2022,3728,Orbit Dr,590,Richardson,TX,75037,892
843504044,Eva,F,Williams,M,9/26/2024,2745,Galaxy Blvd,809,Richardson,TX,75027,893
100000089,Henry,J,Jones,M,10/26/2023,3401,Galaxy Blvd,887,Richardson,TX,75072,894
230419529,Jack,C,Martinez,F,1/8/2022,3224,Astro Way,341,Richardson,TX,75042,895
806990222,Carol,H,Brown,M,11/8/2024,2193,Comet Ln,553,Richardson,TX,75057,896
599212518,David,F,Williams,M,3/9/2021,7178,Astro Way,323,Richardson,TX,75086,897
273069947,Grace,B,Smith,F,4/12/2023,3399,Orbit Dr,393,Richardson,TX,75065,898
709464906,Henry,I,Martinez,F,10/2/2024,2887,Nebula St,613,Richardson,TX,75076,899
117316167,Alice,B,Martinez,M,9/13/2023,2093,Nebula St,645,Richardson,TX,75044,900
911971956,Eva,D,Martinez,M,1/8/2022,6046,Comet Ln,479,Richardson,TX,75047,901
626067603,Carol,H,Smith,M,12/12/2024,886,Nebula St,948,Richardson,TX,75021,902
772580855,Bob,A,Smith,F,10/10/2024,6692,Galaxy Blvd,843,Richardson,TX,75035,903
288593626,Ivy,B,Williams,F,1/23/2021,9405,Orbit Dr,930,Richardson,TX,75072,904
911614083,David,A,Jones,M,3/28/2023,3145,Nebula St,668,Richardson,TX,75069,905
100000090,Alice,I,Martinez,M,1/22/2022,6720,Astro Way,268,Richardson,TX,75069,906
608651863,Alice,C,Williams,M,4/14/2022,9268,Comet Ln,606,Richardson,TX,75060,907
542536212,Grace,F,Jones,F,4/26/2019,8187,Comet Ln,707,Richardson,TX,75073,908
101193188,Frank,C,Williams,F,3/20/2023,9266,Orbit Dr,511,Richardson,TX,75044,909
481870443,Ivy,B,Brown,F,9/9/2021,4566,Comet Ln,57,Richardson,TX,75060,910
191247014,Bob,C,Garcia,F,6/9/2022,2941,Astro Way,743,Richardson,TX,75024,911
645926739,Carol,J,Davis,M,12/9/2019,7810,Nebula St,754,Richardson,TX,75022,912
989610007,Jack,B,Lee,F,2/3/2021,2042,Comet Ln,811,Richardson,TX,75071,913
100000091,Alice,A,Smith,M,6/12/2019,323,Nebula St,741,Richardson,TX,75011,914
140885336,David,C,Martinez,M,11/6/2021,8259,Nebula St,476,Richardson,TX,75093,915
653796008,Grace,G,Martinez,M,3/25/2020,5332,Nebula St,546,Richardson,TX,75039,916
622966093,David,H,Martinez,M,7/9/2024,7562,Astro Way,626,Richardson,TX,75027,917
877831367,Jack,J,Garcia,F,8/3/2022,7329,Orbit Dr,356,Richardson,TX,75093,918
100000092,Henry,A,Jones,F,6/8/2023,5611,Astro Way,498,Richardson,TX,75037,919
384921160,Jack,A,Martinez,M,1/13/2022,992,Nebula St,373,Richardson,TX,75035,920
647506395,Alice,E,Davis,F,12/28/2022,8286,Comet Ln,910,Richardson,TX,75037,921
951297565,Alice,B,Martinez,F,8/21/2023,4984,Galaxy Blvd,631,Richardson,TX,75077,922
305548431,Grace,F,Jones,F,10/11/2021,500,Orbit Dr,590,Richardson,TX,75036,923
834118527,Frank,J,Garcia,F,3/23/2021,3693,Galaxy Blvd,727,Richardson,TX,75039,924
784151492,Bob,H,Martinez,M,2/26/2022,1470,Astro Way,119,Richardson,TX,75086,925
787560780,Alice,I,Davis,F,10/24/2022,4615,Astro Way,26,Richardson,TX,75030,926
997926025,Carol,H,Brown,F,4/22/2021,3540,Orbit Dr,214,Richardson,TX,75039,927
643941209,Carol,C,Williams,F,1/6/2022,93,Astro Way,378,Richardson,TX,75023,928
173346369,Grace,B,Garcia,F,3/21/2024,7040,Orbit Dr,827,Richardson,TX,75056,929
113129880,David,F,Jones,M,3/14/2021,453,Comet Ln,294,Richardson,TX,75033,930
857940763,Henry,H,Martinez,F,11/18/2024,9533,Astro Way,79,Richardson,TX,75086,931
199147070,Carol,B,Davis,M,4/23/2020,9089,Orbit Dr,135,Richardson,TX,75029,932
512038250,Eva,J,Martinez,M,8/4/2023,3350,Galaxy Blvd,225,Richardson,TX,75094,933
122610077,Grace,E,Davis,M,7/14/2021,1176,Nebula St,708,Richardson,TX,75071,934
622244780,Bob,A,Davis,F,4/13/2020,6808,Orbit Dr,157,Richardson,TX,75093,935
626176346,David,D,Jones,F,8/1/2023,3708,Orbit Dr,737,Richardson,TX,75063,936
434921694,Carol,A,Martinez,F,3/3/2023,4831,Orbit Dr,518,Richardson,TX,75023,937
448757944,Carol,H,Brown,M,5/8/2024,6816,Galaxy Blvd,788,Richardson,TX,75071,938
100000001,Bob,I,Martinez,M,5/5/2023,7334,Orbit Dr,234,Richardson,TX,75055,939
907951242,Jack,D,Jones,M,10/2/2022,4471,Comet Ln,163,Richardson,TX,75028,940
929699153,Bob,C,Williams,F,2/13/2020,3350,Astro Way,803,Richardson,TX,75010,941
854562728,Bob,C,Davis,M,4/11/2024,3394,Astro Way,745,Richardson,TX,75070,942
568629556,Carol,F,Jones,M,4/2/2022,880,Comet Ln,258,Richardson,TX,75087,943
100000093,Alice,E,Lee,M,1/6/2024,7166,Galaxy Blvd,248,Richardson,TX,75097,944
850748445,Frank,H,Jones,F,8/19/2023,67,Comet Ln,725,Richardson,TX,75092,945
693105427,Carol,G,Smith,F,1/11/2024,3600,Orbit Dr,291,Richardson,TX,75093,946
616819312,Alice,A,Williams,M,1/23/2020,9734,Orbit Dr,46,Richardson,TX,75081,947
464987893,Grace,D,Martinez,F,9/26/2024,1497,Astro Way,744,Richardson,TX,75059,948
511379958,Eva,C,Martinez,F,7/15/2023,4164,Astro Way,468,Richardson,TX,75093,949
985381569,Carol,F,Garcia,M,5/22/2019,7189,Comet Ln,479,Richardson,TX,75073,950
451218285,Bob,I,Jones,M,9/19/2021,7854,Nebula St,94,Richardson,TX,75055,951
335306418,Bob,D,Martinez,F,10/26/2021,8230,Galaxy Blvd,578,Richardson,TX,75023,952
212932310,Bob,E,Williams,M,8/5/2022,4343,Astro Way,663,Richardson,TX,75080,953
951667280,Frank,I,Martinez,F,10/10/2020,8561,Galaxy Blvd,904,Richardson,TX,75038,954
335667229,Ivy,A,Martinez,F,7/23/2022,2140,Galaxy Blvd,570,Richardson,TX,75044,955
964885267,Bob,G,Martinez,F,11/5/2021,8441,Galaxy Blvd,609,Richardson,TX,75028,956
538711442,David,B,Martinez,F,5/22/2021,5798,Astro Way,687,Richardson,TX,75060,957
903587690,Henry,I,Brown,F,11/14/2024,3109,Comet Ln,916,Richardson,TX,75017,958
502366097,Jack,A,Jones,F,12/26/2024,3969,Astro Way,463,Richardson,TX,75099,959
920150314,Alice,D,Martinez,M,3/2/2023,7477,Astro Way,803,Richardson,TX,75030,960
569423933,Carol,G,Martinez,F,1/4/2020,6009,Comet Ln,888,Richardson,TX,75075,961
542384857,Bob,F,Lee,F,3/14/2021,137,Astro Way,335,Richardson,TX,75086,962
338638698,Bob,E,Garcia,M,12/5/2020,3608,Comet Ln,520,Richardson,TX,75085,963
855786372,Frank,H,Smith,F,1/27/2021,670,Nebula St,706,Richardson,TX,75017,964
587348156,Bob,A,Smith,M,1/18/2021,1877,Galaxy Blvd,651,Richardson,TX,75078,965
472427205,Frank,G,Williams,M,12/27/2021,659,Comet Ln,370,Richardson,TX,75098,966
846986397,Grace,F,Martinez,M,8/19/2022,2898,Galaxy Blvd,640,Richardson,TX,75031,967
774550255,Bob,J,Davis,F,5/12/2020,6845,Nebula St,748,Richardson,TX,75093,968
596087488,Grace,C,Jones,F,7/7/2024,3171,Orbit Dr,467,Richardson,TX,75017,969
508046778,Henry,I,Davis,M,8/27/2023,4846,Astro Way,916,Richardson,TX,75095,970
129474045,Carol,J,Jones,F,4/6/2020,6583,Galaxy Blvd,455,Richardson,TX,75092,971
525204661,Grace,I,Williams,F,3/16/2021,7133,Galaxy Blvd,695,Richardson,TX,75015,972
559519684,Henry,E,Martinez,F,10/9/2024,4401,Comet Ln,674,Richardson,TX,75047,973
632151738,David,F,Martinez,M,8/10/2023,6265,Astro Way,409,Richardson,TX,75036,974
433200315,Eva,J,Martinez,M,10/5/2020,4103,Orbit Dr,230,Richardson,TX,75033,975
974650131,Grace,C,Lee,M,6/3/2022,4565,Comet Ln,100,Richardson,TX,75039,976
717760785,Carol,E,Jones,M,1/9/2023,7831,Astro Way,73,Richardson,TX,75091,977
946556527,Alice,J,Williams,M,2/6/2023,5286,Comet Ln,527,Richardson,TX,75043,978
305615009,Henry,D,Jones,M,7/10/2021,9018,Nebula St,592,Richardson,TX,75099,979
100000094,Grace,J,Martinez,M,12/12/2022,6428,Orbit Dr,553,Richardson,TX,75029,980
239970027,Ivy,E,Williams,F,7/15/2021,1628,Astro Way,810,Richardson,TX,75037,981
407746958,Eva,H,Jones,M,12/23/2019,2148,Astro Way,198,Richardson,TX,75060,982
378688376,Alice,A,Jones,M,11/14/2024,9947,Orbit Dr,243,Richardson,TX,75053,983
712848348,Carol,H,Lee,F,4/28/2023,328,Nebula St,940,Richardson,TX,75080,984
807783937,Jack,G,Martinez,F,11/20/2024,1253,Nebula St,605,Richardson,TX,75015,985
702951002,Ivy,D,Garcia,M,7/8/2022,8513,Comet Ln,693,Richardson,TX,75027,986
204569801,Grace,I,Williams,F,12/5/2023,2798,Nebula St,39,Richardson,TX,75089,987
100000095,Eva,F,Jones,F,8/14/2021,504,Galaxy Blvd,562,Richardson,TX,75081,988
524078148,Carol,E,Martinez,F,8/2/2023,6750,Comet Ln,73,Richardson,TX,75050,989
100000096,Jack,J,Smith,M,7/23/2022,8776,Orbit Dr,957,Richardson,TX,75013,990
667047595,Ivy,H,Lee,F,10/21/2023,3947,Orbit Dr,549,Richardson,TX,75012,991
992888150,Carol,A,Brown,M,9/21/2021,3003,Galaxy Blvd,121,Richardson,TX,75024,992
100000097,Eva,A,Martinez,M,7/11/2019,307,Galaxy Blvd,423,Richardson,TX,75028,993
670178227,David,H,Brown,F,5/22/2021,7290,Astro Way,461,Richardson,TX,75087,994
643940275,Bob,J,Jones,F,10/8/2022,1048,Nebula St,716,Richardson,TX,75088,995
578896162,Bob,G,Martinez,M,12/22/2020,3988,Galaxy Blvd,947,Richardson,TX,75010,996
950907610,Frank,D,Jones,F,8/16/2024,1662,Galaxy Blvd,901,Richardson,TX,75014,997
125220880,Frank,I,Brown,M,6/10/2022,6648,Orbit Dr,92,Richardson,TX,75030,998
918394307,Eva,A,Brown,F,7/18/2020,4725,Astro Way,62,Richardson,TX,75087,999
100000098,Frank,H,Brown,F,3/9/2023,1532,Orbit Dr,167,Richardson,TX,75064,1000
